stock,filing_date,release_type,gap,move_up,move_down,move_close,vp_before,vp_after
MMM,2024-02-07,BMO,"date
2024-02-06 05:00:00   NaN
2024-02-07 05:00:00   NaN
dtype: float64","date
2024-02-07 05:00:00    0.12
dtype: float64","date
2024-02-07 05:00:00   -1.16
dtype: float64","date
2024-02-07 05:00:00   -0.8
dtype: float64",349505933,357669495
AOS,2025-02-11,AMC,"date
2025-02-11 05:00:00   NaN
2025-02-12 05:00:00   NaN
dtype: float64","date
2025-02-12 05:00:00    1.3
dtype: float64","date
2025-02-12 05:00:00   -0.45
dtype: float64","date
2025-02-12 05:00:00    0.63
dtype: float64",50764772,56011061
ABT,2024-07-31,AMC,"date
2024-07-31 04:00:00   NaN
2024-08-01 04:00:00   NaN
dtype: float64","date
2024-08-01 04:00:00    3.78
dtype: float64","date
2024-08-01 04:00:00   -0.3
dtype: float64","date
2024-08-01 04:00:00    3.28
dtype: float64",872776519,967225274
ABT,2024-10-31,AMC,"date
2024-10-31 04:00:00   NaN
2024-11-01 04:00:00   NaN
dtype: float64","date
2024-11-01 04:00:00    0.14
dtype: float64","date
2024-11-01 04:00:00   -2.22
dtype: float64","date
2024-11-01 04:00:00   -0.96
dtype: float64",603487216,1215379273
ABT,2025-07-30,AMC,"date
2025-07-30 04:00:00   NaN
2025-07-31 04:00:00   NaN
dtype: float64","date
2025-07-31 04:00:00    1.26
dtype: float64","date
2025-07-31 04:00:00   -1.36
dtype: float64","date
2025-07-31 04:00:00   -1.06
dtype: float64",688985835,857406015
ACN,2025-10-10,BMO,"date
2025-10-09 04:00:00   NaN
2025-10-10 04:00:00   NaN
dtype: float64","date
2025-10-10 04:00:00    0.52
dtype: float64","date
2025-10-10 04:00:00   -4.35
dtype: float64","date
2025-10-10 04:00:00   -4.25
dtype: float64",1115937092,1144671955
ACN,2024-03-21,BMO,"date
2024-03-20 04:00:00   NaN
2024-03-21 04:00:00   NaN
dtype: float64","date
2024-03-21 04:00:00    1.38
dtype: float64","date
2024-03-21 04:00:00   -5.96
dtype: float64","date
2024-03-21 04:00:00   -5.21
dtype: float64",1094766698,3485146375
ACN,2024-12-19,BMO,"date
2024-12-18 05:00:00   NaN
2024-12-19 05:00:00   NaN
dtype: float64","date
2024-12-19 05:00:00    3.26
dtype: float64","date
2024-12-19 05:00:00   -0.49
dtype: float64","date
2024-12-19 05:00:00    1.96
dtype: float64",1123791497,2217542535
ACN,2025-03-20,BMO,"date
2025-03-19 04:00:00   NaN
2025-03-20 04:00:00   NaN
dtype: float64","date
2025-03-20 04:00:00    3.61
dtype: float64","date
2025-03-20 04:00:00   -1.57
dtype: float64","date
2025-03-20 04:00:00    1.61
dtype: float64",1399809979,3168670251
ACN,2025-12-18,BMO,"date
2025-12-17 05:00:00   NaN
2025-12-18 05:00:00   NaN
dtype: float64","date
2025-12-18 05:00:00    2.78
dtype: float64","date
2025-12-18 05:00:00   -1.32
dtype: float64","date
2025-12-18 05:00:00    1.87
dtype: float64",1529322146,1834655420
ADBE,2024-03-27,BMO,"date
2024-03-26 04:00:00   NaN
2024-03-27 04:00:00   NaN
dtype: float64","date
2024-03-27 04:00:00    0.27
dtype: float64","date
2024-03-27 04:00:00   -3.06
dtype: float64","date
2024-03-27 04:00:00   -2.15
dtype: float64",1428045800,2179621080
ADBE,2024-06-26,AMC,"date
2024-06-26 04:00:00   NaN
2024-06-27 04:00:00   NaN
dtype: float64","date
2024-06-27 04:00:00    2.99
dtype: float64","date
2024-06-27 04:00:00   -0.21
dtype: float64","date
2024-06-27 04:00:00    2.54
dtype: float64",1549855076,2524249732
ADBE,2024-09-25,AMC,"date
2024-09-25 04:00:00   NaN
2024-09-26 04:00:00   NaN
dtype: float64","date
2024-09-26 04:00:00    0.16
dtype: float64","date
2024-09-26 04:00:00   -1.61
dtype: float64","date
2024-09-26 04:00:00   -0.99
dtype: float64",1663293854,1708541282
AMD,2025-05-06,AMC,"date
2025-05-06 04:00:00   NaN
2025-05-07 04:00:00   NaN
dtype: float64","date
2025-05-07 04:00:00    2.65
dtype: float64","date
2025-05-07 04:00:00   -3.84
dtype: float64","date
2025-05-07 04:00:00   -0.39
dtype: float64",5351540729,8729861461
AMD,2025-08-05,AMC,"date
2025-08-05 04:00:00   NaN
2025-08-06 04:00:00   NaN
dtype: float64","date
2025-08-06 04:00:00    0.68
dtype: float64","date
2025-08-06 04:00:00   -4.39
dtype: float64","date
2025-08-06 04:00:00   -1.17
dtype: float64",15480213121,22057584866
AMD,2025-11-04,AMC,"date
2025-11-04 05:00:00   NaN
2025-11-05 05:00:00   NaN
dtype: float64","date
2025-11-05 05:00:00    6.75
dtype: float64","date
2025-11-05 05:00:00   -0.18
dtype: float64","date
2025-11-05 05:00:00    5.38
dtype: float64",14125782091,16386244973
AES,2024-02-26,AMC,"date
2024-02-26 05:00:00   NaN
2024-02-27 05:00:00   NaN
dtype: float64","date
2024-02-27 05:00:00    1.46
dtype: float64","date
2024-02-27 05:00:00   -7.0
dtype: float64","date
2024-02-27 05:00:00   -4.37
dtype: float64",160096066,228224917
AES,2024-08-01,AMC,"date
2024-08-01 04:00:00   NaN
2024-08-02 04:00:00   NaN
dtype: float64","date
2024-08-02 04:00:00    2.08
dtype: float64","date
2024-08-02 04:00:00   -2.6
dtype: float64","date
2024-08-02 04:00:00   -0.98
dtype: float64",172197826,184428051
AES,2024-10-31,AMC,"date
2024-10-31 04:00:00   NaN
2024-11-01 04:00:00   NaN
dtype: float64","date
2024-11-01 04:00:00    0.68
dtype: float64","date
2024-11-01 04:00:00   -8.76
dtype: float64","date
2024-11-01 04:00:00   -8.58
dtype: float64",243385342,497104459
AES,2025-05-01,AMC,"date
2025-05-01 04:00:00   NaN
2025-05-02 04:00:00   NaN
dtype: float64","date
2025-05-02 04:00:00    2.87
dtype: float64","date
2025-05-02 04:00:00   -1.88
dtype: float64","date
2025-05-02 04:00:00    0.79
dtype: float64",175355407,180993131
AES,2025-11-04,AMC,"date
2025-11-04 05:00:00   NaN
2025-11-05 05:00:00   NaN
dtype: float64","date
2025-11-05 05:00:00    7.05
dtype: float64","date
2025-11-05 05:00:00   -0.82
dtype: float64","date
2025-11-05 05:00:00    5.49
dtype: float64",145950591,208910748
AFL,2025-05-07,BMO,"date
2025-05-06 04:00:00   NaN
2025-05-07 04:00:00   NaN
dtype: float64","date
2025-05-07 04:00:00    1.2
dtype: float64","date
2025-05-07 04:00:00   -0.42
dtype: float64","date
2025-05-07 04:00:00    0.76
dtype: float64",152841339,215351812
AFL,2025-08-05,AMC,"date
2025-08-05 04:00:00   NaN
2025-08-06 04:00:00   NaN
dtype: float64","date
2025-08-06 04:00:00    1.08
dtype: float64","date
2025-08-06 04:00:00   -3.97
dtype: float64","date
2025-08-06 04:00:00    0.8
dtype: float64",295330012,369488115
AFL,2025-11-05,BMO,"date
2025-11-04 05:00:00   NaN
2025-11-05 05:00:00   NaN
dtype: float64","date
2025-11-05 05:00:00    2.8
dtype: float64","date
2025-11-05 05:00:00   -1.44
dtype: float64","date
2025-11-05 05:00:00    0.45
dtype: float64",257378194,328452292
A,2024-12-19,AMC,"date
2024-12-19 05:00:00   NaN
2024-12-20 05:00:00   NaN
dtype: float64","date
2024-12-20 05:00:00    1.73
dtype: float64","date
2024-12-20 05:00:00    0.0
dtype: float64","date
2024-12-20 05:00:00    0.96
dtype: float64",288610476,581409058
A,2024-03-04,AMC,"date
2024-03-04 05:00:00   NaN
2024-03-05 05:00:00   NaN
dtype: float64","date
2024-03-05 05:00:00    2.38
dtype: float64","date
2024-03-05 05:00:00    0.0
dtype: float64","date
2024-03-05 05:00:00    0.94
dtype: float64",309897626,375031657
A,2025-03-03,AMC,"date
2025-03-03 05:00:00   NaN
2025-03-04 05:00:00   NaN
dtype: float64","date
2025-03-04 05:00:00    0.6
dtype: float64","date
2025-03-04 05:00:00   -2.84
dtype: float64","date
2025-03-04 05:00:00   -1.55
dtype: float64",275972685,315519875
ABNB,2025-02-13,AMC,"date
2025-02-13 05:00:00   NaN
2025-02-14 05:00:00   NaN
dtype: float64","date
2025-02-14 05:00:00    3.63
dtype: float64","date
2025-02-14 05:00:00   -0.79
dtype: float64","date
2025-02-14 05:00:00    2.05
dtype: float64",1797601061,3424597367
ABNB,2024-05-08,AMC,"date
2024-05-08 04:00:00   NaN
2024-05-09 04:00:00   NaN
dtype: float64","date
2024-05-09 04:00:00    2.32
dtype: float64","date
2024-05-09 04:00:00   -0.7
dtype: float64","date
2024-05-09 04:00:00    0.31
dtype: float64",1300537823,2170055296
ABNB,2024-08-06,AMC,"date
2024-08-06 04:00:00   NaN
2024-08-07 04:00:00   NaN
dtype: float64","date
2024-08-07 04:00:00    2.77
dtype: float64","date
2024-08-07 04:00:00   -1.83
dtype: float64","date
2024-08-07 04:00:00    0.51
dtype: float64",1454536314,3263892690
ABNB,2024-11-07,AMC,"date
2024-11-07 05:00:00   NaN
2024-11-08 05:00:00   NaN
dtype: float64","date
2024-11-08 05:00:00    2.26
dtype: float64","date
2024-11-08 05:00:00   -1.42
dtype: float64","date
2024-11-08 05:00:00   -0.04
dtype: float64",1766804635,2584183034
ABNB,2025-05-01,AMC,"date
2025-05-01 04:00:00   NaN
2025-05-02 04:00:00   NaN
dtype: float64","date
2025-05-02 04:00:00    4.51
dtype: float64","date
2025-05-02 04:00:00   -0.8
dtype: float64","date
2025-05-02 04:00:00    3.44
dtype: float64",1169632805,1368625939
ABNB,2025-08-06,AMC,"date
2025-08-06 04:00:00   NaN
2025-08-07 04:00:00   NaN
dtype: float64","date
2025-08-07 04:00:00    2.5
dtype: float64","date
2025-08-07 04:00:00   -2.57
dtype: float64","date
2025-08-07 04:00:00   -0.29
dtype: float64",1463271052,2106898223
ABNB,2025-11-06,AMC,"date
2025-11-06 05:00:00   NaN
2025-11-07 05:00:00   NaN
dtype: float64","date
2025-11-07 05:00:00    0.21
dtype: float64","date
2025-11-07 05:00:00   -6.65
dtype: float64","date
2025-11-07 05:00:00   -3.68
dtype: float64",1187635002,1475313070
AKAM,2024-02-28,AMC,"date
2024-02-28 05:00:00   NaN
2024-02-29 05:00:00   NaN
dtype: float64","date
2024-02-29 05:00:00    1.97
dtype: float64","date
2024-02-29 05:00:00   -0.3
dtype: float64","date
2024-02-29 05:00:00    1.84
dtype: float64",105461372,308977502
AKAM,2024-05-09,AMC,"date
2024-05-09 04:00:00   NaN
2024-05-10 04:00:00   NaN
dtype: float64","date
2024-05-10 04:00:00    0.66
dtype: float64","date
2024-05-10 04:00:00   -3.9
dtype: float64","date
2024-05-10 04:00:00   -3.2
dtype: float64",376965606,916667924
AKAM,2024-08-08,AMC,"date
2024-08-08 04:00:00   NaN
2024-08-09 04:00:00   NaN
dtype: float64","date
2024-08-09 04:00:00    4.78
dtype: float64","date
2024-08-09 04:00:00   -0.23
dtype: float64","date
2024-08-09 04:00:00    3.57
dtype: float64",415591910,640652852
ALB,2025-02-12,AMC,"date
2025-02-12 05:00:00   NaN
2025-02-13 05:00:00   NaN
dtype: float64","date
2025-02-13 05:00:00    3.92
dtype: float64","date
2025-02-13 05:00:00   -6.2
dtype: float64","date
2025-02-13 05:00:00   -0.81
dtype: float64",262822489,411803481
ALB,2024-05-01,AMC,"date
2024-05-01 04:00:00   NaN
2024-05-02 04:00:00   NaN
dtype: float64","date
2024-05-02 04:00:00    8.49
dtype: float64","date
2024-05-02 04:00:00   -0.13
dtype: float64","date
2024-05-02 04:00:00    6.64
dtype: float64",321484093,527575235
ALB,2024-11-06,AMC,"date
2024-11-06 05:00:00   NaN
2024-11-07 05:00:00   NaN
dtype: float64","date
2024-11-07 05:00:00    6.63
dtype: float64","date
2024-11-07 05:00:00   -3.09
dtype: float64","date
2024-11-07 05:00:00    2.6
dtype: float64",311793656,328984960
ALB,2025-11-05,AMC,"date
2025-11-05 05:00:00   NaN
2025-11-06 05:00:00   NaN
dtype: float64","date
2025-11-06 05:00:00    3.3
dtype: float64","date
2025-11-06 05:00:00   -3.19
dtype: float64","date
2025-11-06 05:00:00   -2.91
dtype: float64",309882393,354642260
ARE,2024-01-29,AMC,"date
2024-01-29 05:00:00   NaN
2024-01-30 05:00:00   NaN
dtype: float64","date
2024-01-30 05:00:00    0.17
dtype: float64","date
2024-01-30 05:00:00   -2.68
dtype: float64","date
2024-01-30 05:00:00   -2.64
dtype: float64",208223035,223079357
ARE,2024-04-22,AMC,"date
2024-04-22 04:00:00   NaN
2024-04-23 04:00:00   NaN
dtype: float64","date
2024-04-23 04:00:00    1.57
dtype: float64","date
2024-04-23 04:00:00   -1.65
dtype: float64","date
2024-04-23 04:00:00   -1.48
dtype: float64",124530988,150370126
ARE,2024-07-22,AMC,"date
2024-07-22 04:00:00   NaN
2024-07-23 04:00:00   NaN
dtype: float64","date
2024-07-23 04:00:00    1.04
dtype: float64","date
2024-07-23 04:00:00   -3.78
dtype: float64","date
2024-07-23 04:00:00   -2.1
dtype: float64",117167358,231234750
ARE,2024-10-21,AMC,"date
2024-10-21 04:00:00   NaN
2024-10-22 04:00:00   NaN
dtype: float64","date
2024-10-22 04:00:00    0.0
dtype: float64","date
2024-10-22 04:00:00   -4.03
dtype: float64","date
2024-10-22 04:00:00   -2.22
dtype: float64",215833160,258671548
ARE,2025-04-28,AMC,"date
2025-04-28 04:00:00   NaN
2025-04-29 04:00:00   NaN
dtype: float64","date
2025-04-29 04:00:00    0.57
dtype: float64","date
2025-04-29 04:00:00   -4.58
dtype: float64","date
2025-04-29 04:00:00   -3.33
dtype: float64",129365967,260251024
ARE,2025-07-21,AMC,"date
2025-07-21 04:00:00   NaN
2025-07-22 04:00:00   NaN
dtype: float64","date
2025-07-22 04:00:00    3.75
dtype: float64","date
2025-07-22 04:00:00   -1.03
dtype: float64","date
2025-07-22 04:00:00    2.52
dtype: float64",94249446,201041947
ARE,2025-10-27,AMC,"date
2025-10-27 04:00:00   NaN
2025-10-28 04:00:00   NaN
dtype: float64","date
2025-10-28 04:00:00    0.0
dtype: float64","date
2025-10-28 04:00:00   -10.35
dtype: float64","date
2025-10-28 04:00:00   -9.8
dtype: float64",109332127,856401915
ALGN,2024-02-28,AMC,"date
2024-02-28 05:00:00   NaN
2024-02-29 05:00:00   NaN
dtype: float64","date
2024-02-29 05:00:00    1.22
dtype: float64","date
2024-02-29 05:00:00   -0.48
dtype: float64","date
2024-02-29 05:00:00   -0.22
dtype: float64",168985208,174794132
ALGN,2025-02-28,BMO,"date
2025-02-27 05:00:00   NaN
2025-02-28 05:00:00   NaN
dtype: float64","date
2025-02-28 05:00:00    1.68
dtype: float64","date
2025-02-28 05:00:00   -0.95
dtype: float64","date
2025-02-28 05:00:00    1.1
dtype: float64",135300377,158563870
ALGN,2024-11-05,AMC,"date
2024-11-05 05:00:00   NaN
2024-11-06 05:00:00   NaN
dtype: float64","date
2024-11-06 05:00:00    1.31
dtype: float64","date
2024-11-06 05:00:00   -3.14
dtype: float64","date
2024-11-06 05:00:00    1.21
dtype: float64",138209360,262031963
ALLE,2024-04-25,BMO,"date
2024-04-24 04:00:00   NaN
2024-04-25 04:00:00   NaN
dtype: float64","date
2024-04-25 04:00:00    0.97
dtype: float64","date
2024-04-25 04:00:00   -2.68
dtype: float64","date
2024-04-25 04:00:00   -1.32
dtype: float64",110240509,117931863
ALLE,2024-07-24,BMO,"date
2024-07-23 04:00:00   NaN
2024-07-24 04:00:00   NaN
dtype: float64","date
2024-07-24 04:00:00    1.11
dtype: float64","date
2024-07-24 04:00:00   -4.4
dtype: float64","date
2024-07-24 04:00:00   -1.9
dtype: float64",101298870,202226420
ALLE,2024-10-24,BMO,"date
2024-10-23 04:00:00   NaN
2024-10-24 04:00:00   NaN
dtype: float64","date
2024-10-24 04:00:00    2.85
dtype: float64","date
2024-10-24 04:00:00   -0.32
dtype: float64","date
2024-10-24 04:00:00    2.06
dtype: float64",148963388,264922496
ALLE,2025-04-24,BMO,"date
2025-04-23 04:00:00   NaN
2025-04-24 04:00:00   NaN
dtype: float64","date
2025-04-24 04:00:00    1.71
dtype: float64","date
2025-04-24 04:00:00   -3.88
dtype: float64","date
2025-04-24 04:00:00   -0.07
dtype: float64",185461051,365481528
ALLE,2025-07-24,BMO,"date
2025-07-23 04:00:00   NaN
2025-07-24 04:00:00   NaN
dtype: float64","date
2025-07-24 04:00:00    3.92
dtype: float64","date
2025-07-24 04:00:00   -1.18
dtype: float64","date
2025-07-24 04:00:00    3.67
dtype: float64",257098002,299260266
ALLE,2025-10-23,BMO,"date
2025-10-22 04:00:00   NaN
2025-10-23 04:00:00   NaN
dtype: float64","date
2025-10-23 04:00:00    0.98
dtype: float64","date
2025-10-23 04:00:00   -3.23
dtype: float64","date
2025-10-23 04:00:00   -0.28
dtype: float64",169650409,249763858
ALL,2024-05-01,AMC,"date
2024-05-01 04:00:00   NaN
2024-05-02 04:00:00   NaN
dtype: float64","date
2024-05-02 04:00:00    0.78
dtype: float64","date
2024-05-02 04:00:00   -4.38
dtype: float64","date
2024-05-02 04:00:00   -3.87
dtype: float64",290672735,560044320
ALL,2024-07-31,AMC,"date
2024-07-31 04:00:00   NaN
2024-08-01 04:00:00   NaN
dtype: float64","date
2024-08-01 04:00:00    3.65
dtype: float64","date
2024-08-01 04:00:00   -0.86
dtype: float64","date
2024-08-01 04:00:00    1.65
dtype: float64",204351504,426390750
ALL,2024-10-30,AMC,"date
2024-10-30 04:00:00   NaN
2024-10-31 04:00:00   NaN
dtype: float64","date
2024-10-31 04:00:00    0.05
dtype: float64","date
2024-10-31 04:00:00   -4.81
dtype: float64","date
2024-10-31 04:00:00   -4.35
dtype: float64",278344002,763397115
ALL,2025-04-30,AMC,"date
2025-04-30 04:00:00   NaN
2025-05-01 04:00:00   NaN
dtype: float64","date
2025-05-01 04:00:00    1.9
dtype: float64","date
2025-05-01 04:00:00   -1.11
dtype: float64","date
2025-05-01 04:00:00    1.31
dtype: float64",457827777,581162110
ALL,2025-07-30,AMC,"date
2025-07-30 04:00:00   NaN
2025-07-31 04:00:00   NaN
dtype: float64","date
2025-07-31 04:00:00    5.07
dtype: float64","date
2025-07-31 04:00:00   -0.21
dtype: float64","date
2025-07-31 04:00:00    3.13
dtype: float64",363823178,894451773
ALL,2025-11-05,AMC,"date
2025-11-05 05:00:00   NaN
2025-11-06 05:00:00   NaN
dtype: float64","date
2025-11-06 05:00:00    0.37
dtype: float64","date
2025-11-06 05:00:00   -3.61
dtype: float64","date
2025-11-06 05:00:00   -1.98
dtype: float64",268952476,342955398
GOOGL,2024-01-30,AMC,"date
2024-01-30 05:00:00   NaN
2024-01-31 05:00:00   NaN
dtype: float64","date
2024-01-31 05:00:00    0.26
dtype: float64","date
2024-01-31 05:00:00   -2.61
dtype: float64","date
2024-01-31 05:00:00   -2.45
dtype: float64",5502819426,10327720519
GOOGL,2025-02-04,AMC,"date
2025-02-04 05:00:00   NaN
2025-02-05 05:00:00   NaN
dtype: float64","date
2025-02-05 05:00:00    0.88
dtype: float64","date
2025-02-05 05:00:00   -1.59
dtype: float64","date
2025-02-05 05:00:00    0.14
dtype: float64",9051088991,13463130393
GOOGL,2024-04-25,AMC,"date
2024-04-25 04:00:00   NaN
2024-04-26 04:00:00   NaN
dtype: float64","date
2024-04-26 04:00:00    0.19
dtype: float64","date
2024-04-26 04:00:00   -2.71
dtype: float64","date
2024-04-26 04:00:00   -1.39
dtype: float64",8909117880,11275688186
GOOGL,2024-07-23,AMC,"date
2024-07-23 04:00:00   NaN
2024-07-24 04:00:00   NaN
dtype: float64","date
2024-07-24 04:00:00    1.49
dtype: float64","date
2024-07-24 04:00:00   -1.03
dtype: float64","date
2024-07-24 04:00:00   -0.56
dtype: float64",6608559878,8607991240
GOOGL,2024-10-29,AMC,"date
2024-10-29 04:00:00   NaN
2024-10-30 04:00:00   NaN
dtype: float64","date
2024-10-30 04:00:00    0.74
dtype: float64","date
2024-10-30 04:00:00   -3.66
dtype: float64","date
2024-10-30 04:00:00   -3.44
dtype: float64",7155240162,12447187395
GOOGL,2025-04-24,AMC,"date
2025-04-24 04:00:00   NaN
2025-04-25 04:00:00   NaN
dtype: float64","date
2025-04-25 04:00:00    0.62
dtype: float64","date
2025-04-25 04:00:00   -2.44
dtype: float64","date
2025-04-25 04:00:00   -1.88
dtype: float64",7309988515,9249531554
GOOGL,2025-07-23,AMC,"date
2025-07-23 04:00:00   NaN
2025-07-24 04:00:00   NaN
dtype: float64","date
2025-07-24 04:00:00    0.47
dtype: float64","date
2025-07-24 04:00:00   -3.06
dtype: float64","date
2025-07-24 04:00:00   -2.47
dtype: float64",11163066968,14753938789
GOOGL,2025-10-29,AMC,"date
2025-10-29 04:00:00   NaN
2025-10-30 04:00:00   NaN
dtype: float64","date
2025-10-30 04:00:00    0.0
dtype: float64","date
2025-10-30 04:00:00   -3.95
dtype: float64","date
2025-10-30 04:00:00   -3.47
dtype: float64",11965836655,21833089924
GOOG,2024-01-30,AMC,"date
2024-01-30 05:00:00   NaN
2024-01-31 05:00:00   NaN
dtype: float64","date
2024-01-31 05:00:00    0.14
dtype: float64","date
2024-01-31 05:00:00   -2.64
dtype: float64","date
2024-01-31 05:00:00   -2.47
dtype: float64",4067905848,6383869027
GOOG,2025-02-04,AMC,"date
2025-02-04 05:00:00   NaN
2025-02-05 05:00:00   NaN
dtype: float64","date
2025-02-05 05:00:00    0.75
dtype: float64","date
2025-02-05 05:00:00   -1.65
dtype: float64","date
2025-02-05 05:00:00    0.1
dtype: float64",5875167911,8442252635
GOOG,2024-04-25,AMC,"date
2024-04-25 04:00:00   NaN
2024-04-26 04:00:00   NaN
dtype: float64","date
2024-04-26 04:00:00    0.24
dtype: float64","date
2024-04-26 04:00:00   -2.61
dtype: float64","date
2024-04-26 04:00:00   -1.31
dtype: float64",5717440772,9943573504
GOOG,2024-07-23,AMC,"date
2024-07-23 04:00:00   NaN
2024-07-24 04:00:00   NaN
dtype: float64","date
2024-07-24 04:00:00    1.46
dtype: float64","date
2024-07-24 04:00:00   -1.04
dtype: float64","date
2024-07-24 04:00:00   -0.58
dtype: float64",4364649727,5481057291
GOOG,2024-10-29,AMC,"date
2024-10-29 04:00:00   NaN
2024-10-30 04:00:00   NaN
dtype: float64","date
2024-10-30 04:00:00    0.76
dtype: float64","date
2024-10-30 04:00:00   -3.65
dtype: float64","date
2024-10-30 04:00:00   -3.44
dtype: float64",4948702380,9065469274
GOOG,2025-04-24,AMC,"date
2025-04-24 04:00:00   NaN
2025-04-25 04:00:00   NaN
dtype: float64","date
2025-04-25 04:00:00    0.68
dtype: float64","date
2025-04-25 04:00:00   -2.45
dtype: float64","date
2025-04-25 04:00:00   -1.94
dtype: float64",4971254557,5873239656
GOOG,2025-07-23,AMC,"date
2025-07-23 04:00:00   NaN
2025-07-24 04:00:00   NaN
dtype: float64","date
2025-07-24 04:00:00    0.43
dtype: float64","date
2025-07-24 04:00:00   -3.11
dtype: float64","date
2025-07-24 04:00:00   -2.48
dtype: float64",6524387384,8964885606
GOOG,2025-10-29,AMC,"date
2025-10-29 04:00:00   NaN
2025-10-30 04:00:00   NaN
dtype: float64","date
2025-10-30 04:00:00    0.07
dtype: float64","date
2025-10-30 04:00:00   -3.86
dtype: float64","date
2025-10-30 04:00:00   -3.37
dtype: float64",7233627684,14168850318
MO,2024-04-25,BMO,"date
2024-04-24 04:00:00   NaN
2024-04-25 04:00:00   NaN
dtype: float64","date
2024-04-25 04:00:00    0.92
dtype: float64","date
2024-04-25 04:00:00   -1.13
dtype: float64","date
2024-04-25 04:00:00    0.67
dtype: float64",555307844,645470568
MO,2024-07-31,BMO,"date
2024-07-30 04:00:00   NaN
2024-07-31 04:00:00   NaN
dtype: float64","date
2024-07-31 04:00:00    1.34
dtype: float64","date
2024-07-31 04:00:00   -1.71
dtype: float64","date
2024-07-31 04:00:00    1.26
dtype: float64",437914093,927634012
MO,2024-10-31,BMO,"date
2024-10-30 04:00:00   NaN
2024-10-31 04:00:00   NaN
dtype: float64","date
2024-10-31 04:00:00    6.74
dtype: float64","date
2024-10-31 04:00:00   -0.07
dtype: float64","date
2024-10-31 04:00:00    6.0
dtype: float64",558908497,1313176903
MO,2025-04-29,BMO,"date
2025-04-28 04:00:00   NaN
2025-04-29 04:00:00   NaN
dtype: float64","date
2025-04-29 04:00:00    4.27
dtype: float64","date
2025-04-29 04:00:00   -0.33
dtype: float64","date
2025-04-29 04:00:00    3.11
dtype: float64",514967301,725277063
MO,2025-07-30,BMO,"date
2025-07-29 04:00:00   NaN
2025-07-30 04:00:00   NaN
dtype: float64","date
2025-07-30 04:00:00    3.91
dtype: float64","date
2025-07-30 04:00:00   -0.1
dtype: float64","date
2025-07-30 04:00:00    2.72
dtype: float64",701965063,1226589079
MO,2025-10-30,BMO,"date
2025-10-29 04:00:00   NaN
2025-10-30 04:00:00   NaN
dtype: float64","date
2025-10-30 04:00:00    0.56
dtype: float64","date
2025-10-30 04:00:00   -4.51
dtype: float64","date
2025-10-30 04:00:00   -3.45
dtype: float64",636807871,1456400853
AMZN,2024-02-01,AMC,"date
2024-02-01 05:00:00   NaN
2024-02-02 05:00:00   NaN
dtype: float64","date
2024-02-02 05:00:00    1.96
dtype: float64","date
2024-02-02 05:00:00   -1.1
dtype: float64","date
2024-02-02 05:00:00    1.55
dtype: float64",12191676498,19832166376
AMZN,2025-02-06,AMC,"date
2025-02-06 05:00:00   NaN
2025-02-07 05:00:00   NaN
dtype: float64","date
2025-02-07 05:00:00    0.99
dtype: float64","date
2025-02-07 05:00:00   -1.91
dtype: float64","date
2025-02-07 05:00:00   -1.44
dtype: float64",14544053198,18027881670
AMZN,2024-04-30,AMC,"date
2024-04-30 04:00:00   NaN
2024-05-01 04:00:00   NaN
dtype: float64","date
2024-05-01 04:00:00    1.94
dtype: float64","date
2024-05-01 04:00:00   -2.79
dtype: float64","date
2024-05-01 04:00:00   -1.45
dtype: float64",16561962550,17190871456
AMZN,2024-08-01,AMC,"date
2024-08-01 04:00:00   NaN
2024-08-02 04:00:00   NaN
dtype: float64","date
2024-08-02 04:00:00    1.21
dtype: float64","date
2024-08-02 04:00:00   -3.72
dtype: float64","date
2024-08-02 04:00:00    0.69
dtype: float64",12965087334,23586514863
AMZN,2024-10-31,AMC,"date
2024-10-31 04:00:00   NaN
2024-11-01 04:00:00   NaN
dtype: float64","date
2024-11-01 04:00:00    0.75
dtype: float64","date
2024-11-01 04:00:00   -0.99
dtype: float64","date
2024-11-01 04:00:00   -0.54
dtype: float64",14007355877,19837881553
AMZN,2025-05-01,AMC,"date
2025-05-01 04:00:00   NaN
2025-05-02 04:00:00   NaN
dtype: float64","date
2025-05-02 04:00:00    0.75
dtype: float64","date
2025-05-02 04:00:00   -2.63
dtype: float64","date
2025-05-02 04:00:00   -0.76
dtype: float64",14125386162,14913454033
AMZN,2025-07-31,AMC,"date
2025-07-31 04:00:00   NaN
2025-08-01 04:00:00   NaN
dtype: float64","date
2025-08-01 04:00:00    1.49
dtype: float64","date
2025-08-01 04:00:00   -2.03
dtype: float64","date
2025-08-01 04:00:00   -1.13
dtype: float64",24431078840,26555834165
AMZN,2025-10-30,AMC,"date
2025-10-30 04:00:00   NaN
2025-10-31 04:00:00   NaN
dtype: float64","date
2025-10-31 04:00:00    0.16
dtype: float64","date
2025-10-31 04:00:00   -2.45
dtype: float64","date
2025-10-31 04:00:00   -2.35
dtype: float64",22788089539,41601836080
AMCR,2024-08-16,BMO,"date
2024-08-15 04:00:00   NaN
2024-08-16 04:00:00   NaN
dtype: float64","date
2024-08-16 04:00:00    1.55
dtype: float64","date
2024-08-16 04:00:00   -2.23
dtype: float64","date
2024-08-16 04:00:00    1.26
dtype: float64",189315519,258453811
AMCR,2024-05-01,BMO,"date
2024-04-30 04:00:00   NaN
2024-05-01 04:00:00   NaN
dtype: float64","date
2024-05-01 04:00:00    4.13
dtype: float64","date
2024-05-01 04:00:00   -2.72
dtype: float64","date
2024-05-01 04:00:00    2.51
dtype: float64",140424084,246943165
AMCR,2024-11-01,BMO,"date
2024-10-31 04:00:00   NaN
2024-11-01 04:00:00   NaN
dtype: float64","date
2024-11-01 04:00:00    1.63
dtype: float64","date
2024-11-01 04:00:00   -2.87
dtype: float64","date
2024-11-01 04:00:00   -1.91
dtype: float64",154690282,186307725
AMCR,2025-02-05,BMO,"date
2025-02-04 05:00:00   NaN
2025-02-05 05:00:00   NaN
dtype: float64","date
2025-02-05 05:00:00    2.42
dtype: float64","date
2025-02-05 05:00:00   -0.1
dtype: float64","date
2025-02-05 05:00:00    0.99
dtype: float64",399645415,436214949
AEE,2025-02-18,AMC,"date
2025-02-18 05:00:00   NaN
2025-02-19 05:00:00   NaN
dtype: float64","date
2025-02-19 05:00:00    0.13
dtype: float64","date
2025-02-19 05:00:00   -1.3
dtype: float64","date
2025-02-19 05:00:00   -0.64
dtype: float64",200980703,208375874
AEP,2024-02-26,AMC,"date
2024-02-26 05:00:00   NaN
2024-02-27 05:00:00   NaN
dtype: float64","date
2024-02-27 05:00:00    0.68
dtype: float64","date
2024-02-27 05:00:00   -2.49
dtype: float64","date
2024-02-27 05:00:00    0.57
dtype: float64",380048777,632162080
AEP,2024-04-30,BMO,"date
2024-04-29 04:00:00   NaN
2024-04-30 04:00:00   NaN
dtype: float64","date
2024-04-30 04:00:00    0.91
dtype: float64","date
2024-04-30 04:00:00   -1.68
dtype: float64","date
2024-04-30 04:00:00   -1.68
dtype: float64",247318825,502182625
AEP,2024-07-30,BMO,"date
2024-07-29 04:00:00   NaN
2024-07-30 04:00:00   NaN
dtype: float64","date
2024-07-30 04:00:00    2.26
dtype: float64","date
2024-07-30 04:00:00   -0.01
dtype: float64","date
2024-07-30 04:00:00    2.22
dtype: float64",228722352,382025998
AEP,2024-11-06,BMO,"date
2024-11-05 05:00:00   NaN
2024-11-06 05:00:00   NaN
dtype: float64","date
2024-11-06 05:00:00    0.88
dtype: float64","date
2024-11-06 05:00:00   -2.98
dtype: float64","date
2024-11-06 05:00:00   -2.91
dtype: float64",594991986,637231034
AIG,2025-02-13,AMC,"date
2025-02-13 05:00:00   NaN
2025-02-14 05:00:00   NaN
dtype: float64","date
2025-02-14 05:00:00    0.28
dtype: float64","date
2025-02-14 05:00:00   -2.83
dtype: float64","date
2025-02-14 05:00:00   -2.31
dtype: float64",278191500,406099887
AMT,2024-04-30,AMC,"date
2024-04-30 04:00:00   NaN
2024-05-01 04:00:00   NaN
dtype: float64","date
2024-05-01 04:00:00    3.19
dtype: float64","date
2024-05-01 04:00:00   -1.03
dtype: float64","date
2024-05-01 04:00:00    2.05
dtype: float64",636616098,671906196
AMT,2024-07-30,AMC,"date
2024-07-30 04:00:00   NaN
2024-07-31 04:00:00   NaN
dtype: float64","date
2024-07-31 04:00:00    0.37
dtype: float64","date
2024-07-31 04:00:00   -1.58
dtype: float64","date
2024-07-31 04:00:00   -0.5
dtype: float64",545990935,647716502
AMT,2025-04-29,AMC,"date
2025-04-29 04:00:00   NaN
2025-04-30 04:00:00   NaN
dtype: float64","date
2025-04-30 04:00:00    2.14
dtype: float64","date
2025-04-30 04:00:00   -0.35
dtype: float64","date
2025-04-30 04:00:00    1.83
dtype: float64",702698403,772875783
AWK,2024-02-14,AMC,"date
2024-02-14 05:00:00   NaN
2024-02-15 05:00:00   NaN
dtype: float64","date
2024-02-15 05:00:00    1.65
dtype: float64","date
2024-02-15 05:00:00   -1.4
dtype: float64","date
2024-02-15 05:00:00    1.59
dtype: float64",176223806,214001775
AWK,2025-02-19,AMC,"date
2025-02-19 05:00:00   NaN
2025-02-20 05:00:00   NaN
dtype: float64","date
2025-02-20 05:00:00    1.39
dtype: float64","date
2025-02-20 05:00:00   -2.61
dtype: float64","date
2025-02-20 05:00:00   -1.02
dtype: float64",230898538,238109690
AWK,2024-05-01,AMC,"date
2024-05-01 04:00:00   NaN
2024-05-02 04:00:00   NaN
dtype: float64","date
2024-05-02 04:00:00    1.91
dtype: float64","date
2024-05-02 04:00:00   -1.07
dtype: float64","date
2024-05-02 04:00:00    1.79
dtype: float64",339386873,343814861
AWK,2024-10-30,AMC,"date
2024-10-30 04:00:00   NaN
2024-10-31 04:00:00   NaN
dtype: float64","date
2024-10-31 04:00:00    1.56
dtype: float64","date
2024-10-31 04:00:00   -2.06
dtype: float64","date
2024-10-31 04:00:00    0.2
dtype: float64",180449246,212902701
AWK,2025-07-30,AMC,"date
2025-07-30 04:00:00   NaN
2025-07-31 04:00:00   NaN
dtype: float64","date
2025-07-31 04:00:00    1.86
dtype: float64","date
2025-07-31 04:00:00   -0.72
dtype: float64","date
2025-07-31 04:00:00    1.26
dtype: float64",154876458,287832223
AWK,2025-10-29,AMC,"date
2025-10-29 04:00:00   NaN
2025-10-30 04:00:00   NaN
dtype: float64","date
2025-10-30 04:00:00    0.71
dtype: float64","date
2025-10-30 04:00:00   -2.83
dtype: float64","date
2025-10-30 04:00:00   -2.64
dtype: float64",287566171,299138940
AMGN,2024-02-14,AMC,"date
2024-02-14 05:00:00   NaN
2024-02-15 05:00:00   NaN
dtype: float64","date
2024-02-15 05:00:00    0.86
dtype: float64","date
2024-02-15 05:00:00   -0.79
dtype: float64","date
2024-02-15 05:00:00    0.41
dtype: float64",759196730,835414517
AMGN,2024-05-02,AMC,"date
2024-05-02 04:00:00   NaN
2024-05-03 04:00:00   NaN
dtype: float64","date
2024-05-03 04:00:00    2.94
dtype: float64","date
2024-05-03 04:00:00   -1.5
dtype: float64","date
2024-05-03 04:00:00   -0.67
dtype: float64",884576708,3022546891
AMGN,2024-08-06,AMC,"date
2024-08-06 04:00:00   NaN
2024-08-07 04:00:00   NaN
dtype: float64","date
2024-08-07 04:00:00    0.63
dtype: float64","date
2024-08-07 04:00:00   -4.49
dtype: float64","date
2024-08-07 04:00:00   -2.64
dtype: float64",801483056,1482452833
AMGN,2024-10-30,AMC,"date
2024-10-30 04:00:00   NaN
2024-10-31 04:00:00   NaN
dtype: float64","date
2024-10-31 04:00:00    1.8
dtype: float64","date
2024-10-31 04:00:00   -0.64
dtype: float64","date
2024-10-31 04:00:00    0.78
dtype: float64",701632219,862041966
AMGN,2025-05-01,AMC,"date
2025-05-01 04:00:00   NaN
2025-05-02 04:00:00   NaN
dtype: float64","date
2025-05-02 04:00:00    0.04
dtype: float64","date
2025-05-02 04:00:00   -5.59
dtype: float64","date
2025-05-02 04:00:00   -3.53
dtype: float64",835075149,1322625865
AMGN,2025-08-05,AMC,"date
2025-08-05 04:00:00   NaN
2025-08-06 04:00:00   NaN
dtype: float64","date
2025-08-06 04:00:00    1.03
dtype: float64","date
2025-08-06 04:00:00   -4.69
dtype: float64","date
2025-08-06 04:00:00   -3.67
dtype: float64",799447029,1352317590
AMGN,2025-11-04,AMC,"date
2025-11-04 05:00:00   NaN
2025-11-05 05:00:00   NaN
dtype: float64","date
2025-11-05 05:00:00    6.55
dtype: float64","date
2025-11-05 05:00:00   -0.33
dtype: float64","date
2025-11-05 05:00:00    5.52
dtype: float64",1012498244,1662992856
ADI,2024-02-21,BMO,"date
2024-02-20 05:00:00   NaN
2024-02-21 05:00:00   NaN
dtype: float64","date
2024-02-21 05:00:00    2.12
dtype: float64","date
2024-02-21 05:00:00   -0.05
dtype: float64","date
2024-02-21 05:00:00    1.82
dtype: float64",871336594,1057315155
ADI,2024-05-22,BMO,"date
2024-05-21 04:00:00   NaN
2024-05-22 04:00:00   NaN
dtype: float64","date
2024-05-22 04:00:00    5.52
dtype: float64","date
2024-05-22 04:00:00   -1.33
dtype: float64","date
2024-05-22 04:00:00    5.43
dtype: float64",742816315,2151668576
ADI,2024-08-21,BMO,"date
2024-08-20 04:00:00   NaN
2024-08-21 04:00:00   NaN
dtype: float64","date
2024-08-21 04:00:00    3.2
dtype: float64","date
2024-08-21 04:00:00   -2.05
dtype: float64","date
2024-08-21 04:00:00   -0.88
dtype: float64",892673815,1284180466
ADI,2025-02-19,BMO,"date
2025-02-18 05:00:00   NaN
2025-02-19 05:00:00   NaN
dtype: float64","date
2025-02-19 05:00:00    5.43
dtype: float64","date
2025-02-19 05:00:00   -2.57
dtype: float64","date
2025-02-19 05:00:00    5.06
dtype: float64",1629671163,2251792981
ADI,2025-05-22,BMO,"date
2025-05-21 04:00:00   NaN
2025-05-22 04:00:00   NaN
dtype: float64","date
2025-05-22 04:00:00    1.33
dtype: float64","date
2025-05-22 04:00:00   -4.56
dtype: float64","date
2025-05-22 04:00:00   -4.3
dtype: float64",1131335130,1986111745
ADI,2025-08-20,BMO,"date
2025-08-19 04:00:00   NaN
2025-08-20 04:00:00   NaN
dtype: float64","date
2025-08-20 04:00:00    2.38
dtype: float64","date
2025-08-20 04:00:00   -4.83
dtype: float64","date
2025-08-20 04:00:00    2.16
dtype: float64",1052871603,2044326796
APO,2024-02-27,AMC,"date
2024-02-27 05:00:00   NaN
2024-02-28 05:00:00   NaN
dtype: float64","date
2024-02-28 05:00:00    1.68
dtype: float64","date
2024-02-28 05:00:00   -0.1
dtype: float64","date
2024-02-28 05:00:00    1.07
dtype: float64",210413601,388492737
APO,2025-02-24,AMC,"date
2025-02-24 05:00:00   NaN
2025-02-25 05:00:00   NaN
dtype: float64","date
2025-02-25 05:00:00    0.61
dtype: float64","date
2025-02-25 05:00:00   -4.59
dtype: float64","date
2025-02-25 05:00:00   -1.82
dtype: float64",647570639,854376324
APO,2024-08-07,AMC,"date
2024-08-07 04:00:00   NaN
2024-08-08 04:00:00   NaN
dtype: float64","date
2024-08-08 04:00:00    0.83
dtype: float64","date
2024-08-08 04:00:00   -2.49
dtype: float64","date
2024-08-08 04:00:00   -1.49
dtype: float64",399671361,572401347
APO,2025-05-07,BMO,"date
2025-05-06 04:00:00   NaN
2025-05-07 04:00:00   NaN
dtype: float64","date
2025-05-07 04:00:00    0.83
dtype: float64","date
2025-05-07 04:00:00   -1.3
dtype: float64","date
2025-05-07 04:00:00   -0.18
dtype: float64",502866546,523410065
APO,2025-08-07,BMO,"date
2025-08-06 04:00:00   NaN
2025-08-07 04:00:00   NaN
dtype: float64","date
2025-08-07 04:00:00    0.0
dtype: float64","date
2025-08-07 04:00:00   -7.84
dtype: float64","date
2025-08-07 04:00:00   -5.83
dtype: float64",465434410,787221150
AAPL,2025-10-31,BMO,"date
2025-10-30 04:00:00   NaN
2025-10-31 04:00:00   NaN
dtype: float64","date
2025-10-31 04:00:00    0.12
dtype: float64","date
2025-10-31 04:00:00   -2.83
dtype: float64","date
2025-10-31 04:00:00   -2.39
dtype: float64",18967205327,23867431399
AAPL,2024-02-01,AMC,"date
2024-02-01 05:00:00   NaN
2024-02-02 05:00:00   NaN
dtype: float64","date
2024-02-02 05:00:00    4.15
dtype: float64","date
2024-02-02 05:00:00   -0.34
dtype: float64","date
2024-02-02 05:00:00    3.33
dtype: float64",12124487338,18444945164
AAPL,2024-05-02,AMC,"date
2024-05-02 04:00:00   NaN
2024-05-03 04:00:00   NaN
dtype: float64","date
2024-05-03 04:00:00    0.19
dtype: float64","date
2024-05-03 04:00:00   -2.14
dtype: float64","date
2024-05-03 04:00:00   -1.75
dtype: float64",16302006742,30464963824
AAPL,2024-08-01,AMC,"date
2024-08-01 04:00:00   NaN
2024-08-02 04:00:00   NaN
dtype: float64","date
2024-08-02 04:00:00    2.94
dtype: float64","date
2024-08-02 04:00:00   -0.66
dtype: float64","date
2024-08-02 04:00:00    0.32
dtype: float64",13647717486,23135349924
AAPL,2025-01-31,BMO,"date
2025-01-30 05:00:00   NaN
2025-01-31 05:00:00   NaN
dtype: float64","date
2025-01-31 05:00:00    0.0
dtype: float64","date
2025-01-31 05:00:00   -5.56
dtype: float64","date
2025-01-31 05:00:00   -4.53
dtype: float64",13223850507,24984760890
AAPL,2025-05-02,BMO,"date
2025-05-01 04:00:00   NaN
2025-05-02 04:00:00   NaN
dtype: float64","date
2025-05-02 04:00:00    0.44
dtype: float64","date
2025-05-02 04:00:00   -1.91
dtype: float64","date
2025-05-02 04:00:00   -0.36
dtype: float64",12237245791,20817278881
AAPL,2025-08-01,BMO,"date
2025-07-31 04:00:00   NaN
2025-08-01 04:00:00   NaN
dtype: float64","date
2025-08-01 04:00:00    1.29
dtype: float64","date
2025-08-01 04:00:00   -4.44
dtype: float64","date
2025-08-01 04:00:00   -4.02
dtype: float64",16750573322,22021575149
AMAT,2024-02-27,AMC,"date
2024-02-27 05:00:00   NaN
2024-02-28 05:00:00   NaN
dtype: float64","date
2024-02-28 05:00:00    0.35
dtype: float64","date
2024-02-28 05:00:00   -1.01
dtype: float64","date
2024-02-28 05:00:00   -0.48
dtype: float64",1048201557,1232206864
AMAT,2025-02-20,AMC,"date
2025-02-20 05:00:00   NaN
2025-02-21 05:00:00   NaN
dtype: float64","date
2025-02-21 05:00:00    0.07
dtype: float64","date
2025-02-21 05:00:00   -3.14
dtype: float64","date
2025-02-21 05:00:00   -2.36
dtype: float64",1177025336,1297259095
APTV,2025-10-30,AMC,"date
2025-10-30 04:00:00   NaN
2025-10-31 04:00:00   NaN
dtype: float64","date
2025-10-31 04:00:00    1.25
dtype: float64","date
2025-10-31 04:00:00   -0.49
dtype: float64","date
2025-10-31 04:00:00    0.0
dtype: float64",239505115,242390950
ACGL,2025-02-27,AMC,"date
2025-02-27 05:00:00   NaN
2025-02-28 05:00:00   NaN
dtype: float64","date
2025-02-28 05:00:00    1.38
dtype: float64","date
2025-02-28 05:00:00   -1.25
dtype: float64","date
2025-02-28 05:00:00   -0.08
dtype: float64",187295020,239522151
ACGL,2024-05-09,AMC,"date
2024-05-09 04:00:00   NaN
2024-05-10 04:00:00   NaN
dtype: float64","date
2024-05-10 04:00:00    0.64
dtype: float64","date
2024-05-10 04:00:00   -0.46
dtype: float64","date
2024-05-10 04:00:00   -0.16
dtype: float64",85655995,142340488
ACGL,2024-08-06,AMC,"date
2024-08-06 04:00:00   NaN
2024-08-07 04:00:00   NaN
dtype: float64","date
2024-08-07 04:00:00    1.66
dtype: float64","date
2024-08-07 04:00:00   -0.03
dtype: float64","date
2024-08-07 04:00:00    0.45
dtype: float64",135489569,148149890
ACGL,2025-05-07,AMC,"date
2025-05-07 04:00:00   NaN
2025-05-08 04:00:00   NaN
dtype: float64","date
2025-05-08 04:00:00    1.94
dtype: float64","date
2025-05-08 04:00:00   -0.62
dtype: float64","date
2025-05-08 04:00:00    1.4
dtype: float64",113457750,149954858
ACGL,2025-08-05,AMC,"date
2025-08-05 04:00:00   NaN
2025-08-06 04:00:00   NaN
dtype: float64","date
2025-08-06 04:00:00    1.32
dtype: float64","date
2025-08-06 04:00:00   -0.43
dtype: float64","date
2025-08-06 04:00:00    0.92
dtype: float64",154548476,212247661
ADM,2024-03-12,BMO,"date
2024-03-11 04:00:00   NaN
2024-03-12 04:00:00   NaN
dtype: float64","date
2024-03-12 04:00:00    2.42
dtype: float64","date
2024-03-12 04:00:00   -0.7
dtype: float64","date
2024-03-12 04:00:00   -0.02
dtype: float64",286061167,623655109
ADM,2025-02-20,AMC,"date
2025-02-20 05:00:00   NaN
2025-02-21 05:00:00   NaN
dtype: float64","date
2025-02-21 05:00:00    3.72
dtype: float64","date
2025-02-21 05:00:00   -0.51
dtype: float64","date
2025-02-21 05:00:00    3.1
dtype: float64",125891914,256487853
ANET,2025-02-18,AMC,"date
2025-02-18 05:00:00   NaN
2025-02-19 05:00:00   NaN
dtype: float64","date
2025-02-19 05:00:00    1.31
dtype: float64","date
2025-02-19 05:00:00   -2.76
dtype: float64","date
2025-02-19 05:00:00   -0.56
dtype: float64",2317562763,2509240833
ANET,2024-05-07,AMC,"date
2024-05-07 04:00:00   NaN
2024-05-08 04:00:00   NaN
dtype: float64","date
2024-05-08 04:00:00    4.89
dtype: float64","date
2024-05-08 04:00:00   -2.41
dtype: float64","date
2024-05-08 04:00:00    3.01
dtype: float64",1113149584,2165696276
ANET,2024-07-30,AMC,"date
2024-07-30 04:00:00   NaN
2024-07-31 04:00:00   NaN
dtype: float64","date
2024-07-31 04:00:00    3.46
dtype: float64","date
2024-07-31 04:00:00   -2.07
dtype: float64","date
2024-07-31 04:00:00    2.53
dtype: float64",1328579381,1879286084
ANET,2024-11-07,AMC,"date
2024-11-07 05:00:00   NaN
2024-11-08 05:00:00   NaN
dtype: float64","date
2024-11-08 05:00:00    2.82
dtype: float64","date
2024-11-08 05:00:00   -2.2
dtype: float64","date
2024-11-08 05:00:00   -1.48
dtype: float64",1403550683,2572224799
ANET,2025-05-06,AMC,"date
2025-05-06 04:00:00   NaN
2025-05-07 04:00:00   NaN
dtype: float64","date
2025-05-07 04:00:00    1.75
dtype: float64","date
2025-05-07 04:00:00   -3.59
dtype: float64","date
2025-05-07 04:00:00    0.66
dtype: float64",1313920893,1533024385
ANET,2025-08-05,AMC,"date
2025-08-05 04:00:00   NaN
2025-08-06 04:00:00   NaN
dtype: float64","date
2025-08-06 04:00:00    4.29
dtype: float64","date
2025-08-06 04:00:00   -0.17
dtype: float64","date
2025-08-06 04:00:00    3.73
dtype: float64",1735315566,3478149333
ANET,2025-11-04,AMC,"date
2025-11-04 05:00:00   NaN
2025-11-05 05:00:00   NaN
dtype: float64","date
2025-11-05 05:00:00    3.74
dtype: float64","date
2025-11-05 05:00:00   -1.86
dtype: float64","date
2025-11-05 05:00:00   -1.58
dtype: float64",1386003259,2268589963
AIZ,2025-02-20,AMC,"date
2025-02-20 05:00:00   NaN
2025-02-21 05:00:00   NaN
dtype: float64","date
2025-02-21 05:00:00    0.43
dtype: float64","date
2025-02-21 05:00:00   -1.14
dtype: float64","date
2025-02-21 05:00:00   -0.55
dtype: float64",82913093,220230197
AIZ,2024-05-09,AMC,"date
2024-05-09 04:00:00   NaN
2024-05-10 04:00:00   NaN
dtype: float64","date
2024-05-10 04:00:00    0.0
dtype: float64","date
2024-05-10 04:00:00   -2.7
dtype: float64","date
2024-05-10 04:00:00   -1.94
dtype: float64",53667592,77123160
AIZ,2024-08-08,AMC,"date
2024-08-08 04:00:00   NaN
2024-08-09 04:00:00   NaN
dtype: float64","date
2024-08-09 04:00:00    4.04
dtype: float64","date
2024-08-09 04:00:00   -0.18
dtype: float64","date
2024-08-09 04:00:00    3.92
dtype: float64",53968268,66430977
AIZ,2025-11-06,AMC,"date
2025-11-06 05:00:00   NaN
2025-11-07 05:00:00   NaN
dtype: float64","date
2025-11-07 05:00:00    3.45
dtype: float64","date
2025-11-07 05:00:00   -0.98
dtype: float64","date
2025-11-07 05:00:00    2.76
dtype: float64",66258220,98662495
T,2024-10-29,AMC,"date
2024-10-29 04:00:00   NaN
2024-10-30 04:00:00   NaN
dtype: float64","date
2024-10-30 04:00:00    0.56
dtype: float64","date
2024-10-30 04:00:00   -1.04
dtype: float64","date
2024-10-30 04:00:00   -0.5
dtype: float64",725531998,802543077
T,2025-04-29,AMC,"date
2025-04-29 04:00:00   NaN
2025-04-30 04:00:00   NaN
dtype: float64","date
2025-04-30 04:00:00    1.05
dtype: float64","date
2025-04-30 04:00:00   -1.01
dtype: float64","date
2025-04-30 04:00:00    0.36
dtype: float64",682930439,1073008843
ATO,2024-02-06,AMC,"date
2024-02-06 05:00:00   NaN
2024-02-07 05:00:00   NaN
dtype: float64","date
2024-02-07 05:00:00    0.0
dtype: float64","date
2024-02-07 05:00:00   -2.32
dtype: float64","date
2024-02-07 05:00:00   -1.17
dtype: float64",131023542,139026763
ATO,2024-05-08,AMC,"date
2024-05-08 04:00:00   NaN
2024-05-09 04:00:00   NaN
dtype: float64","date
2024-05-09 04:00:00    1.86
dtype: float64","date
2024-05-09 04:00:00   -1.38
dtype: float64","date
2024-05-09 04:00:00    0.36
dtype: float64",119578732,223972784
ATO,2024-08-07,AMC,"date
2024-08-07 04:00:00   NaN
2024-08-08 04:00:00   NaN
dtype: float64","date
2024-08-08 04:00:00    0.58
dtype: float64","date
2024-08-08 04:00:00   -1.27
dtype: float64","date
2024-08-08 04:00:00   -0.59
dtype: float64",140633816,157988013
ATO,2025-02-04,AMC,"date
2025-02-04 05:00:00   NaN
2025-02-05 05:00:00   NaN
dtype: float64","date
2025-02-05 05:00:00    1.76
dtype: float64","date
2025-02-05 05:00:00   -0.67
dtype: float64","date
2025-02-05 05:00:00    0.81
dtype: float64",151055641,186923365
ATO,2025-05-07,AMC,"date
2025-05-07 04:00:00   NaN
2025-05-08 04:00:00   NaN
dtype: float64","date
2025-05-08 04:00:00    0.87
dtype: float64","date
2025-05-08 04:00:00   -3.11
dtype: float64","date
2025-05-08 04:00:00   -2.86
dtype: float64",216723954,305753408
ATO,2025-08-06,AMC,"date
2025-08-06 04:00:00   NaN
2025-08-07 04:00:00   NaN
dtype: float64","date
2025-08-07 04:00:00    3.38
dtype: float64","date
2025-08-07 04:00:00   -0.05
dtype: float64","date
2025-08-07 04:00:00    1.07
dtype: float64",221387522,328340392
ADSK,2024-06-10,AMC,"date
2024-06-10 04:00:00   NaN
2024-06-11 04:00:00   NaN
dtype: float64","date
2024-06-11 04:00:00    2.03
dtype: float64","date
2024-06-11 04:00:00   -2.44
dtype: float64","date
2024-06-11 04:00:00    0.24
dtype: float64",414946794,783850863
ADSK,2025-03-06,AMC,"date
2025-03-06 05:00:00   NaN
2025-03-07 05:00:00   NaN
dtype: float64","date
2025-03-07 05:00:00    0.68
dtype: float64","date
2025-03-07 05:00:00   -2.85
dtype: float64","date
2025-03-07 05:00:00    0.07
dtype: float64",427486689,895120875
ADSK,2024-06-10,AMC,"date
2024-06-10 04:00:00   NaN
2024-06-11 04:00:00   NaN
dtype: float64","date
2024-06-11 04:00:00    2.03
dtype: float64","date
2024-06-11 04:00:00   -2.44
dtype: float64","date
2024-06-11 04:00:00    0.24
dtype: float64",414946794,783850863
ADSK,2025-05-29,AMC,"date
2025-05-29 04:00:00   NaN
2025-05-30 04:00:00   NaN
dtype: float64","date
2025-05-30 04:00:00    0.17
dtype: float64","date
2025-05-30 04:00:00   -1.27
dtype: float64","date
2025-05-30 04:00:00   -0.46
dtype: float64",371454930,1348809545
AZO,2025-10-27,AMC,"date
2025-10-27 04:00:00   NaN
2025-10-28 04:00:00   NaN
dtype: float64","date
2025-10-28 04:00:00    2.47
dtype: float64","date
2025-10-28 04:00:00    0.0
dtype: float64","date
2025-10-28 04:00:00    0.47
dtype: float64",484404670,532022842
AVY,2024-02-21,AMC,"date
2024-02-21 05:00:00   NaN
2024-02-22 05:00:00   NaN
dtype: float64","date
2024-02-22 05:00:00    2.09
dtype: float64","date
2024-02-22 05:00:00   -0.31
dtype: float64","date
2024-02-22 05:00:00    2.08
dtype: float64",75924042,121354736
AVY,2025-10-28,AMC,"date
2025-10-28 04:00:00   NaN
2025-10-29 04:00:00   NaN
dtype: float64","date
2025-10-29 04:00:00    0.88
dtype: float64","date
2025-10-29 04:00:00   -1.55
dtype: float64","date
2025-10-29 04:00:00   -1.35
dtype: float64",89990999,139259296
AXON,2024-02-27,AMC,"date
2024-02-27 05:00:00   NaN
2024-02-28 05:00:00   NaN
dtype: float64","date
2024-02-28 05:00:00    13.61
dtype: float64","date
2024-02-28 05:00:00   -2.03
dtype: float64","date
2024-02-28 05:00:00    10.16
dtype: float64",228785729,746283616
AXON,2024-05-06,AMC,"date
2024-05-06 04:00:00   NaN
2024-05-07 04:00:00   NaN
dtype: float64","date
2024-05-07 04:00:00    1.5
dtype: float64","date
2024-05-07 04:00:00   -2.54
dtype: float64","date
2024-05-07 04:00:00   -0.03
dtype: float64",253493429,319611635
AXON,2024-08-06,AMC,"date
2024-08-06 04:00:00   NaN
2024-08-07 04:00:00   NaN
dtype: float64","date
2024-08-07 04:00:00    11.5
dtype: float64","date
2024-08-07 04:00:00   -1.85
dtype: float64","date
2024-08-07 04:00:00    5.83
dtype: float64",315868300,1124354550
AXON,2024-11-07,AMC,"date
2024-11-07 05:00:00   NaN
2024-11-08 05:00:00   NaN
dtype: float64","date
2024-11-08 05:00:00    13.31
dtype: float64","date
2024-11-08 05:00:00   -4.63
dtype: float64","date
2024-11-08 05:00:00    11.7
dtype: float64",390265781,2142169200
AXON,2025-05-07,AMC,"date
2025-05-07 04:00:00   NaN
2025-05-08 04:00:00   NaN
dtype: float64","date
2025-05-08 04:00:00    8.03
dtype: float64","date
2025-05-08 04:00:00   -0.27
dtype: float64","date
2025-05-08 04:00:00    6.26
dtype: float64",534030995,1094307119
AXON,2025-08-04,AMC,"date
2025-08-04 04:00:00   NaN
2025-08-05 04:00:00   NaN
dtype: float64","date
2025-08-05 04:00:00    8.3
dtype: float64","date
2025-08-05 04:00:00   -1.84
dtype: float64","date
2025-08-05 04:00:00    6.0
dtype: float64",573436184,2073606278
AXON,2025-11-04,AMC,"date
2025-11-04 05:00:00   NaN
2025-11-05 05:00:00   NaN
dtype: float64","date
2025-11-05 05:00:00    16.59
dtype: float64","date
2025-11-05 05:00:00   -0.68
dtype: float64","date
2025-11-05 05:00:00    13.42
dtype: float64",799982444,2741949409
BKR,2024-10-23,AMC,"date
2024-10-23 04:00:00   NaN
2024-10-24 04:00:00   NaN
dtype: float64","date
2024-10-24 04:00:00    0.24
dtype: float64","date
2024-10-24 04:00:00   -2.05
dtype: float64","date
2024-10-24 04:00:00   -0.86
dtype: float64",319925347,326134153
BAC,2024-04-30,AMC,"date
2024-04-30 04:00:00   NaN
2024-05-01 04:00:00   NaN
dtype: float64","date
2024-05-01 04:00:00    0.79
dtype: float64","date
2024-05-01 04:00:00   -1.18
dtype: float64","date
2024-05-01 04:00:00   -0.7
dtype: float64",1120805103,1201045849
BAC,2024-07-30,AMC,"date
2024-07-30 04:00:00   NaN
2024-07-31 04:00:00   NaN
dtype: float64","date
2024-07-31 04:00:00    0.36
dtype: float64","date
2024-07-31 04:00:00   -2.45
dtype: float64","date
2024-07-31 04:00:00   -2.23
dtype: float64",1823055740,2096610602
BAC,2024-10-29,AMC,"date
2024-10-29 04:00:00   NaN
2024-10-30 04:00:00   NaN
dtype: float64","date
2024-10-30 04:00:00    2.85
dtype: float64","date
2024-10-30 04:00:00   -0.17
dtype: float64","date
2024-10-30 04:00:00    1.44
dtype: float64",948994090,1589173481
BAC,2025-07-31,AMC,"date
2025-07-31 04:00:00   NaN
2025-08-01 04:00:00   NaN
dtype: float64","date
2025-08-01 04:00:00    0.11
dtype: float64","date
2025-08-01 04:00:00   -2.24
dtype: float64","date
2025-08-01 04:00:00   -1.51
dtype: float64",1891571115,2425111905
BAX,2024-05-02,BMO,"date
2024-05-01 04:00:00   NaN
2024-05-02 04:00:00   NaN
dtype: float64","date
2024-05-02 04:00:00    0.13
dtype: float64","date
2024-05-02 04:00:00   -7.42
dtype: float64","date
2024-05-02 04:00:00   -5.6
dtype: float64",135467811,422700598
BAX,2024-08-06,BMO,"date
2024-08-05 04:00:00   NaN
2024-08-06 04:00:00   NaN
dtype: float64","date
2024-08-06 04:00:00    7.66
dtype: float64","date
2024-08-06 04:00:00   -2.94
dtype: float64","date
2024-08-06 04:00:00    5.55
dtype: float64",208641708,411954492
BAX,2025-05-06,AMC,"date
2025-05-06 04:00:00   NaN
2025-05-07 04:00:00   NaN
dtype: float64","date
2025-05-07 04:00:00    3.03
dtype: float64","date
2025-05-07 04:00:00   -0.43
dtype: float64","date
2025-05-07 04:00:00    2.43
dtype: float64",99419528,110870450
BBY,2025-03-19,AMC,"date
2025-03-19 04:00:00   NaN
2025-03-20 04:00:00   NaN
dtype: float64","date
2025-03-20 04:00:00    2.23
dtype: float64","date
2025-03-20 04:00:00   -0.16
dtype: float64","date
2025-03-20 04:00:00   -0.08
dtype: float64",183669951,195965715
TECH,2024-08-22,AMC,"date
2024-08-22 04:00:00   NaN
2024-08-23 04:00:00   NaN
dtype: float64","date
2024-08-23 04:00:00    2.03
dtype: float64","date
2024-08-23 04:00:00   -1.07
dtype: float64","date
2024-08-23 04:00:00    0.53
dtype: float64",33638599,38168605
TECH,2024-02-07,AMC,"date
2024-02-07 05:00:00   NaN
2024-02-08 05:00:00   NaN
dtype: float64","date
2024-02-08 05:00:00    2.4
dtype: float64","date
2024-02-08 05:00:00   -0.49
dtype: float64","date
2024-02-08 05:00:00    1.93
dtype: float64",62544565,64785133
TECH,2024-11-05,AMC,"date
2024-11-05 05:00:00   NaN
2024-11-06 05:00:00   NaN
dtype: float64","date
2024-11-06 05:00:00    0.0
dtype: float64","date
2024-11-06 05:00:00   -7.39
dtype: float64","date
2024-11-06 05:00:00   -6.15
dtype: float64",42097129,88886706
BIIB,2024-10-30,AMC,"date
2024-10-30 04:00:00   NaN
2024-10-31 04:00:00   NaN
dtype: float64","date
2024-10-31 04:00:00    0.77
dtype: float64","date
2024-10-31 04:00:00   -2.38
dtype: float64","date
2024-10-31 04:00:00   -2.31
dtype: float64",295847553,312693121
BIIB,2025-07-31,BMO,"date
2025-07-30 04:00:00   NaN
2025-07-31 04:00:00   NaN
dtype: float64","date
2025-07-31 04:00:00    1.83
dtype: float64","date
2025-07-31 04:00:00   -4.33
dtype: float64","date
2025-07-31 04:00:00   -3.76
dtype: float64",239611491,430932768
BIIB,2025-10-30,BMO,"date
2025-10-29 04:00:00   NaN
2025-10-30 04:00:00   NaN
dtype: float64","date
2025-10-30 04:00:00    10.24
dtype: float64","date
2025-10-30 04:00:00   -1.5
dtype: float64","date
2025-10-30 04:00:00    6.79
dtype: float64",362360649,384600838
BLK,2025-05-07,AMC,"date
2025-05-07 04:00:00   NaN
2025-05-08 04:00:00   NaN
dtype: float64","date
2025-05-08 04:00:00    1.61
dtype: float64","date
2025-05-08 04:00:00   -0.3
dtype: float64","date
2025-05-08 04:00:00   -0.15
dtype: float64",504159402,582885870
XYZ,2025-02-24,AMC,"date
2025-02-24 05:00:00   NaN
2025-02-25 05:00:00   NaN
dtype: float64","date
2025-02-25 05:00:00    0.27
dtype: float64","date
2025-02-25 05:00:00   -5.47
dtype: float64","date
2025-02-25 05:00:00   -5.1
dtype: float64",1126400485,1250454576
XYZ,2025-05-01,AMC,"date
2025-05-01 04:00:00   NaN
2025-05-02 04:00:00   NaN
dtype: float64","date
2025-05-02 04:00:00    3.7
dtype: float64","date
2025-05-02 04:00:00   -2.33
dtype: float64","date
2025-05-02 04:00:00    2.66
dtype: float64",623803294,2460246212
XYZ,2025-08-07,AMC,"date
2025-08-07 04:00:00   NaN
2025-08-08 04:00:00   NaN
dtype: float64","date
2025-08-08 04:00:00    0.46
dtype: float64","date
2025-08-08 04:00:00   -10.87
dtype: float64","date
2025-08-08 04:00:00   -10.64
dtype: float64",1150351204,1872517424
XYZ,2025-11-06,AMC,"date
2025-11-06 05:00:00   NaN
2025-11-07 05:00:00   NaN
dtype: float64","date
2025-11-07 05:00:00    8.77
dtype: float64","date
2025-11-07 05:00:00    0.0
dtype: float64","date
2025-11-07 05:00:00    6.67
dtype: float64",796996929,1313252245
BK,2024-02-28,AMC,"date
2024-02-28 05:00:00   NaN
2024-02-29 05:00:00   NaN
dtype: float64","date
2024-02-29 05:00:00    0.64
dtype: float64","date
2024-02-29 05:00:00   -0.47
dtype: float64","date
2024-02-29 05:00:00    0.36
dtype: float64",177296581,400101196
BK,2024-08-02,BMO,"date
2024-08-01 04:00:00   NaN
2024-08-02 04:00:00   NaN
dtype: float64","date
2024-08-02 04:00:00    1.27
dtype: float64","date
2024-08-02 04:00:00   -1.9
dtype: float64","date
2024-08-02 04:00:00   -1.14
dtype: float64",320523128,393455320
BK,2025-05-02,BMO,"date
2025-05-01 04:00:00   NaN
2025-05-02 04:00:00   NaN
dtype: float64","date
2025-05-02 04:00:00    1.17
dtype: float64","date
2025-05-02 04:00:00   -0.46
dtype: float64","date
2025-05-02 04:00:00   -0.26
dtype: float64",265052178,356990955
BK,2025-10-31,BMO,"date
2025-10-30 04:00:00   NaN
2025-10-31 04:00:00   NaN
dtype: float64","date
2025-10-31 04:00:00    0.89
dtype: float64","date
2025-10-31 04:00:00   -0.57
dtype: float64","date
2025-10-31 04:00:00    0.57
dtype: float64",255734570,297342831
BKNG,2024-02-22,AMC,"date
2024-02-22 05:00:00   NaN
2024-02-23 05:00:00   NaN
dtype: float64","date
2024-02-23 05:00:00    0.0
dtype: float64","date
2024-02-23 05:00:00   -5.6
dtype: float64","date
2024-02-23 05:00:00   -5.2
dtype: float64",1849422298,3544683712
BKNG,2025-02-20,AMC,"date
2025-02-20 05:00:00   NaN
2025-02-21 05:00:00   NaN
dtype: float64","date
2025-02-21 05:00:00    1.31
dtype: float64","date
2025-02-21 05:00:00   -4.67
dtype: float64","date
2025-02-21 05:00:00   -4.27
dtype: float64",1513588496,3777357126
BKNG,2024-05-02,AMC,"date
2024-05-02 04:00:00   NaN
2024-05-03 04:00:00   NaN
dtype: float64","date
2024-05-03 04:00:00    1.3
dtype: float64","date
2024-05-03 04:00:00   -3.6
dtype: float64","date
2024-05-03 04:00:00   -3.31
dtype: float64",1577305426,1978445500
BKNG,2024-08-01,AMC,"date
2024-08-01 04:00:00   NaN
2024-08-02 04:00:00   NaN
dtype: float64","date
2024-08-02 04:00:00    4.65
dtype: float64","date
2024-08-02 04:00:00   -0.62
dtype: float64","date
2024-08-02 04:00:00    0.5
dtype: float64",2022312240,2654646710
BKNG,2024-10-30,AMC,"date
2024-10-30 04:00:00   NaN
2024-10-31 04:00:00   NaN
dtype: float64","date
2024-10-31 04:00:00    2.59
dtype: float64","date
2024-10-31 04:00:00   -1.9
dtype: float64","date
2024-10-31 04:00:00   -1.22
dtype: float64",1431564495,2433389616
BKNG,2025-04-29,AMC,"date
2025-04-29 04:00:00   NaN
2025-04-30 04:00:00   NaN
dtype: float64","date
2025-04-30 04:00:00    8.11
dtype: float64","date
2025-04-30 04:00:00   -0.2
dtype: float64","date
2025-04-30 04:00:00    7.76
dtype: float64",1827588507,2167739918
BKNG,2025-07-29,AMC,"date
2025-07-29 04:00:00   NaN
2025-07-30 04:00:00   NaN
dtype: float64","date
2025-07-30 04:00:00    3.67
dtype: float64","date
2025-07-30 04:00:00   -1.06
dtype: float64","date
2025-07-30 04:00:00    2.24
dtype: float64",1813461292,2040539670
BKNG,2025-10-28,AMC,"date
2025-10-28 04:00:00   NaN
2025-10-29 04:00:00   NaN
dtype: float64","date
2025-10-29 04:00:00    0.38
dtype: float64","date
2025-10-29 04:00:00   -5.23
dtype: float64","date
2025-10-29 04:00:00   -2.39
dtype: float64",2086678360,2400886217
BSX,2024-05-01,AMC,"date
2024-05-01 04:00:00   NaN
2024-05-02 04:00:00   NaN
dtype: float64","date
2024-05-02 04:00:00    0.12
dtype: float64","date
2024-05-02 04:00:00   -2.07
dtype: float64","date
2024-05-02 04:00:00   -0.61
dtype: float64",434783342,551531992
BSX,2025-05-01,BMO,"date
2025-04-30 04:00:00   NaN
2025-05-01 04:00:00   NaN
dtype: float64","date
2025-05-01 04:00:00    1.04
dtype: float64","date
2025-05-01 04:00:00   -1.22
dtype: float64","date
2025-05-01 04:00:00    0.42
dtype: float64",689497490,843254314
AVGO,2025-12-18,AMC,"date
2025-12-18 05:00:00   NaN
2025-12-19 05:00:00   NaN
dtype: float64","date
2025-12-19 05:00:00    3.03
dtype: float64","date
2025-12-19 05:00:00   -0.23
dtype: float64","date
2025-12-19 05:00:00    2.11
dtype: float64",17979092709,53031998492
AVGO,2024-03-14,AMC,"date
2024-03-14 04:00:00   NaN
2024-03-15 04:00:00   NaN
dtype: float64","date
2024-03-15 04:00:00    1.11
dtype: float64","date
2024-03-15 04:00:00   -1.87
dtype: float64","date
2024-03-15 04:00:00   -1.43
dtype: float64",4800334549,11133546338
AVGO,2024-06-12,AMC,"date
2024-06-12 04:00:00   NaN
2024-06-13 04:00:00   NaN
dtype: float64","date
2024-06-13 04:00:00    1.51
dtype: float64","date
2024-06-13 04:00:00   -3.36
dtype: float64","date
2024-06-13 04:00:00   -1.81
dtype: float64",8479148380,15229371150
AVGO,2024-09-11,AMC,"date
2024-09-11 04:00:00   NaN
2024-09-12 04:00:00   NaN
dtype: float64","date
2024-09-12 04:00:00    5.2
dtype: float64","date
2024-09-12 04:00:00   -0.8
dtype: float64","date
2024-09-12 04:00:00    4.09
dtype: float64",6283440234,6890301077
BRO,2025-02-12,AMC,"date
2025-02-12 05:00:00   NaN
2025-02-13 05:00:00   NaN
dtype: float64","date
2025-02-13 05:00:00    1.11
dtype: float64","date
2025-02-13 05:00:00   -0.5
dtype: float64","date
2025-02-13 05:00:00    1.03
dtype: float64",113335369,161003253
BRO,2024-07-22,AMC,"date
2024-07-22 04:00:00   NaN
2024-07-23 04:00:00   NaN
dtype: float64","date
2024-07-23 04:00:00    2.14
dtype: float64","date
2024-07-23 04:00:00   -1.61
dtype: float64","date
2024-07-23 04:00:00    1.08
dtype: float64",112639662,278532299
BRO,2024-10-28,AMC,"date
2024-10-28 04:00:00   NaN
2024-10-29 04:00:00   NaN
dtype: float64","date
2024-10-29 04:00:00    3.11
dtype: float64","date
2024-10-29 04:00:00   -0.32
dtype: float64","date
2024-10-29 04:00:00    1.3
dtype: float64",197348892,254506171
BRO,2025-04-28,AMC,"date
2025-04-28 04:00:00   NaN
2025-04-29 04:00:00   NaN
dtype: float64","date
2025-04-29 04:00:00    1.76
dtype: float64","date
2025-04-29 04:00:00   -2.22
dtype: float64","date
2025-04-29 04:00:00    0.29
dtype: float64",242038948,353713509
BRO,2025-07-28,AMC,"date
2025-07-28 04:00:00   NaN
2025-07-29 04:00:00   NaN
dtype: float64","date
2025-07-29 04:00:00    0.84
dtype: float64","date
2025-07-29 04:00:00   -5.89
dtype: float64","date
2025-07-29 04:00:00   -5.52
dtype: float64",425719617,1018663336
BRO,2025-10-27,AMC,"date
2025-10-27 04:00:00   NaN
2025-10-28 04:00:00   NaN
dtype: float64","date
2025-10-28 04:00:00    0.0
dtype: float64","date
2025-10-28 04:00:00   -6.18
dtype: float64","date
2025-10-28 04:00:00   -5.04
dtype: float64",321871647,641433143
BLDR,2024-11-05,AMC,"date
2024-11-05 05:00:00   NaN
2024-11-06 05:00:00   NaN
dtype: float64","date
2024-11-06 05:00:00    2.72
dtype: float64","date
2024-11-06 05:00:00   -2.79
dtype: float64","date
2024-11-06 05:00:00    2.06
dtype: float64",386917707,577227694
BG,2025-11-05,AMC,"date
2025-11-05 05:00:00   NaN
2025-11-06 05:00:00   NaN
dtype: float64","date
2025-11-06 05:00:00    0.74
dtype: float64","date
2025-11-06 05:00:00   -2.86
dtype: float64","date
2025-11-06 05:00:00   -2.17
dtype: float64",240914862,277068736
BG,2025-08-05,BMO,"date
2025-08-04 04:00:00   NaN
2025-08-05 04:00:00   NaN
dtype: float64","date
2025-08-05 04:00:00    1.87
dtype: float64","date
2025-08-05 04:00:00   -0.48
dtype: float64","date
2025-08-05 04:00:00    1.49
dtype: float64",184757768,212580544
CDNS,2025-02-20,AMC,"date
2025-02-20 05:00:00   NaN
2025-02-21 05:00:00   NaN
dtype: float64","date
2025-02-21 05:00:00    0.24
dtype: float64","date
2025-02-21 05:00:00   -4.8
dtype: float64","date
2025-02-21 05:00:00   -4.24
dtype: float64",978612813,1228537327
CZR,2025-02-25,AMC,"date
2025-02-25 05:00:00   NaN
2025-02-26 05:00:00   NaN
dtype: float64","date
2025-02-26 05:00:00    1.31
dtype: float64","date
2025-02-26 05:00:00   -4.41
dtype: float64","date
2025-02-26 05:00:00   -3.44
dtype: float64",216226673,225998245
CZR,2024-04-30,AMC,"date
2024-04-30 04:00:00   NaN
2024-05-01 04:00:00   NaN
dtype: float64","date
2024-05-01 04:00:00    6.12
dtype: float64","date
2024-05-01 04:00:00   -0.57
dtype: float64","date
2024-05-01 04:00:00    3.0
dtype: float64",262641660,409226350
CZR,2024-07-30,AMC,"date
2024-07-30 04:00:00   NaN
2024-07-31 04:00:00   NaN
dtype: float64","date
2024-07-31 04:00:00    5.38
dtype: float64","date
2024-07-31 04:00:00   -0.78
dtype: float64","date
2024-07-31 04:00:00    0.35
dtype: float64",292386042,543886091
CZR,2024-10-29,AMC,"date
2024-10-29 04:00:00   NaN
2024-10-30 04:00:00   NaN
dtype: float64","date
2024-10-30 04:00:00    2.55
dtype: float64","date
2024-10-30 04:00:00   -6.04
dtype: float64","date
2024-10-30 04:00:00   -2.86
dtype: float64",199219412,455640457
CZR,2025-04-29,AMC,"date
2025-04-29 04:00:00   NaN
2025-04-30 04:00:00   NaN
dtype: float64","date
2025-04-30 04:00:00    0.03
dtype: float64","date
2025-04-30 04:00:00   -6.97
dtype: float64","date
2025-04-30 04:00:00   -5.78
dtype: float64",247077274,250414332
CZR,2025-07-29,AMC,"date
2025-07-29 04:00:00   NaN
2025-07-30 04:00:00   NaN
dtype: float64","date
2025-07-30 04:00:00    3.17
dtype: float64","date
2025-07-30 04:00:00   -3.45
dtype: float64","date
2025-07-30 04:00:00   -1.9
dtype: float64",265170263,318979738
CZR,2025-10-28,AMC,"date
2025-10-28 04:00:00   NaN
2025-10-29 04:00:00   NaN
dtype: float64","date
2025-10-29 04:00:00    1.62
dtype: float64","date
2025-10-29 04:00:00   -8.58
dtype: float64","date
2025-10-29 04:00:00   -8.17
dtype: float64",215310744,532985628
CPB,2024-03-06,BMO,"date
2024-03-05 05:00:00   NaN
2024-03-06 05:00:00   NaN
dtype: float64","date
2024-03-06 05:00:00    1.6
dtype: float64","date
2024-03-06 05:00:00   -4.05
dtype: float64","date
2024-03-06 05:00:00   -2.46
dtype: float64",151342227,278388955
CPB,2024-06-05,BMO,"date
2024-06-04 04:00:00   NaN
2024-06-05 04:00:00   NaN
dtype: float64","date
2024-06-05 04:00:00    2.89
dtype: float64","date
2024-06-05 04:00:00   -1.94
dtype: float64","date
2024-06-05 04:00:00    1.97
dtype: float64",184592876,278515641
CPB,2024-12-04,BMO,"date
2024-12-03 05:00:00   NaN
2024-12-04 05:00:00   NaN
dtype: float64","date
2024-12-04 05:00:00    0.36
dtype: float64","date
2024-12-04 05:00:00   -2.11
dtype: float64","date
2024-12-04 05:00:00   -1.91
dtype: float64",172726204,268961999
CPB,2025-03-05,BMO,"date
2025-03-04 05:00:00   NaN
2025-03-05 05:00:00   NaN
dtype: float64","date
2025-03-05 05:00:00    3.86
dtype: float64","date
2025-03-05 05:00:00   -0.76
dtype: float64","date
2025-03-05 05:00:00    2.14
dtype: float64",243244506,293091382
CPB,2025-12-09,BMO,"date
2025-12-08 05:00:00   NaN
2025-12-09 05:00:00   NaN
dtype: float64","date
2025-12-09 05:00:00    0.25
dtype: float64","date
2025-12-09 05:00:00   -8.0
dtype: float64","date
2025-12-09 05:00:00   -6.88
dtype: float64",391424083,569897117
COF,2024-08-01,AMC,"date
2024-08-01 04:00:00   NaN
2024-08-02 04:00:00   NaN
dtype: float64","date
2024-08-02 04:00:00    0.0
dtype: float64","date
2024-08-02 04:00:00   -4.02
dtype: float64","date
2024-08-02 04:00:00   -3.8
dtype: float64",467065644,501228183
COF,2025-05-07,AMC,"date
2025-05-07 04:00:00   NaN
2025-05-08 04:00:00   NaN
dtype: float64","date
2025-05-08 04:00:00    1.97
dtype: float64","date
2025-05-08 04:00:00   -0.24
dtype: float64","date
2025-05-08 04:00:00    0.3
dtype: float64",883130498,960057241
COF,2025-07-30,AMC,"date
2025-07-30 04:00:00   NaN
2025-07-31 04:00:00   NaN
dtype: float64","date
2025-07-31 04:00:00    0.91
dtype: float64","date
2025-07-31 04:00:00   -0.44
dtype: float64","date
2025-07-31 04:00:00    0.31
dtype: float64",747151574,921507334
CAH,2024-08-14,BMO,"date
2024-08-13 04:00:00   NaN
2024-08-14 04:00:00   NaN
dtype: float64","date
2024-08-14 04:00:00    0.0
dtype: float64","date
2024-08-14 04:00:00   -3.66
dtype: float64","date
2024-08-14 04:00:00   -2.42
dtype: float64",202151738,470302845
CAH,2025-08-12,BMO,"date
2025-08-11 04:00:00   NaN
2025-08-12 04:00:00   NaN
dtype: float64","date
2025-08-12 04:00:00    5.17
dtype: float64","date
2025-08-12 04:00:00   -2.3
dtype: float64","date
2025-08-12 04:00:00    3.76
dtype: float64",490589045,1106371691
CAH,2024-05-02,BMO,"date
2024-05-01 04:00:00   NaN
2024-05-02 04:00:00   NaN
dtype: float64","date
2024-05-02 04:00:00    6.68
dtype: float64","date
2024-05-02 04:00:00    0.0
dtype: float64","date
2024-05-02 04:00:00    2.98
dtype: float64",292094630,368481300
CAH,2024-11-01,BMO,"date
2024-10-31 04:00:00   NaN
2024-11-01 04:00:00   NaN
dtype: float64","date
2024-11-01 04:00:00    5.54
dtype: float64","date
2024-11-01 04:00:00    0.0
dtype: float64","date
2024-11-01 04:00:00    2.89
dtype: float64",312284422,437529832
CAH,2025-05-01,BMO,"date
2025-04-30 04:00:00   NaN
2025-05-01 04:00:00   NaN
dtype: float64","date
2025-05-01 04:00:00    5.19
dtype: float64","date
2025-05-01 04:00:00   -2.36
dtype: float64","date
2025-05-01 04:00:00    3.94
dtype: float64",490160442,565042697
CAH,2025-10-30,BMO,"date
2025-10-29 04:00:00   NaN
2025-10-30 04:00:00   NaN
dtype: float64","date
2025-10-30 04:00:00    7.55
dtype: float64","date
2025-10-30 04:00:00    0.0
dtype: float64","date
2025-10-30 04:00:00    4.63
dtype: float64",463231235,1301562924
CBOE,2025-02-21,BMO,"date
2025-02-20 05:00:00   NaN
2025-02-21 05:00:00   NaN
dtype: float64","date
2025-02-21 05:00:00    1.04
dtype: float64","date
2025-02-21 05:00:00   -1.0
dtype: float64","date
2025-02-21 05:00:00    0.92
dtype: float64",100524358,169706087
CBOE,2024-08-02,BMO,"date
2024-08-01 04:00:00   NaN
2024-08-02 04:00:00   NaN
dtype: float64","date
2024-08-02 04:00:00    4.78
dtype: float64","date
2024-08-02 04:00:00    0.0
dtype: float64","date
2024-08-02 04:00:00    4.13
dtype: float64",219377437,267140408
CBOE,2025-05-02,BMO,"date
2025-05-01 04:00:00   NaN
2025-05-02 04:00:00   NaN
dtype: float64","date
2025-05-02 04:00:00    4.8
dtype: float64","date
2025-05-02 04:00:00   -2.23
dtype: float64","date
2025-05-02 04:00:00    3.4
dtype: float64",240857429,300199143
CBOE,2025-08-01,BMO,"date
2025-07-31 04:00:00   NaN
2025-08-01 04:00:00   NaN
dtype: float64","date
2025-08-01 04:00:00    3.39
dtype: float64","date
2025-08-01 04:00:00   -0.13
dtype: float64","date
2025-08-01 04:00:00    2.62
dtype: float64",226140353,320600205
CBOE,2025-10-31,BMO,"date
2025-10-30 04:00:00   NaN
2025-10-31 04:00:00   NaN
dtype: float64","date
2025-10-31 04:00:00    4.94
dtype: float64","date
2025-10-31 04:00:00   -0.18
dtype: float64","date
2025-10-31 04:00:00    2.62
dtype: float64",266549783,420833151
CBRE,2024-07-25,BMO,"date
2024-07-24 04:00:00   NaN
2024-07-25 04:00:00   NaN
dtype: float64","date
2024-07-25 04:00:00    6.23
dtype: float64","date
2024-07-25 04:00:00   -0.98
dtype: float64","date
2024-07-25 04:00:00    3.23
dtype: float64",192932132,461406833
CBRE,2024-10-24,BMO,"date
2024-10-23 04:00:00   NaN
2024-10-24 04:00:00   NaN
dtype: float64","date
2024-10-24 04:00:00    4.16
dtype: float64","date
2024-10-24 04:00:00   -1.25
dtype: float64","date
2024-10-24 04:00:00    2.2
dtype: float64",230253483,596928023
CNC,2025-02-18,AMC,"date
2025-02-18 05:00:00   NaN
2025-02-19 05:00:00   NaN
dtype: float64","date
2025-02-19 05:00:00    3.44
dtype: float64","date
2025-02-19 05:00:00   -0.46
dtype: float64","date
2025-02-19 05:00:00    2.82
dtype: float64",211233907,349686223
CNC,2024-04-25,AMC,"date
2024-04-25 04:00:00   NaN
2024-04-26 04:00:00   NaN
dtype: float64","date
2024-04-26 04:00:00    1.37
dtype: float64","date
2024-04-26 04:00:00   -3.66
dtype: float64","date
2024-04-26 04:00:00    0.05
dtype: float64",275447955,472066784
CNC,2024-07-25,AMC,"date
2024-07-25 04:00:00   NaN
2024-07-26 04:00:00   NaN
dtype: float64","date
2024-07-26 04:00:00    7.58
dtype: float64","date
2024-07-26 04:00:00   -0.22
dtype: float64","date
2024-07-26 04:00:00    5.26
dtype: float64",367314632,672730966
CNC,2024-10-24,AMC,"date
2024-10-24 04:00:00   NaN
2024-10-25 04:00:00   NaN
dtype: float64","date
2024-10-25 04:00:00    0.16
dtype: float64","date
2024-10-25 04:00:00   -8.34
dtype: float64","date
2024-10-25 04:00:00   -8.26
dtype: float64",624271603,850024070
CNC,2025-04-24,AMC,"date
2025-04-24 04:00:00   NaN
2025-04-25 04:00:00   NaN
dtype: float64","date
2025-04-25 04:00:00    0.86
dtype: float64","date
2025-04-25 04:00:00   -4.01
dtype: float64","date
2025-04-25 04:00:00   -1.22
dtype: float64",315476125,516747319
CNC,2025-07-24,AMC,"date
2025-07-24 04:00:00   NaN
2025-07-25 04:00:00   NaN
dtype: float64","date
2025-07-25 04:00:00    6.1
dtype: float64","date
2025-07-25 04:00:00   -3.23
dtype: float64","date
2025-07-25 04:00:00    4.66
dtype: float64",1070860164,1722213366
CNC,2025-10-28,AMC,"date
2025-10-28 04:00:00   NaN
2025-10-29 04:00:00   NaN
dtype: float64","date
2025-10-29 04:00:00    2.65
dtype: float64","date
2025-10-29 04:00:00   -4.51
dtype: float64","date
2025-10-29 04:00:00    2.02
dtype: float64",464399591,997372861
CNP,2024-04-30,BMO,"date
2024-04-29 04:00:00   NaN
2024-04-30 04:00:00   NaN
dtype: float64","date
2024-04-30 04:00:00    1.16
dtype: float64","date
2024-04-30 04:00:00   -1.71
dtype: float64","date
2024-04-30 04:00:00    0.69
dtype: float64",107781973,213513097
CNP,2024-07-30,BMO,"date
2024-07-29 04:00:00   NaN
2024-07-30 04:00:00   NaN
dtype: float64","date
2024-07-30 04:00:00    0.53
dtype: float64","date
2024-07-30 04:00:00   -2.98
dtype: float64","date
2024-07-30 04:00:00   -2.5
dtype: float64",231276690,241011021
CNP,2025-04-24,BMO,"date
2025-04-23 04:00:00   NaN
2025-04-24 04:00:00   NaN
dtype: float64","date
2025-04-24 04:00:00    2.61
dtype: float64","date
2025-04-24 04:00:00   -0.32
dtype: float64","date
2025-04-24 04:00:00    2.07
dtype: float64",195256573,227527219
CNP,2025-07-24,BMO,"date
2025-07-23 04:00:00   NaN
2025-07-24 04:00:00   NaN
dtype: float64","date
2025-07-24 04:00:00    3.45
dtype: float64","date
2025-07-24 04:00:00   -0.33
dtype: float64","date
2025-07-24 04:00:00    3.08
dtype: float64",273529670,411914980
CNP,2025-10-23,BMO,"date
2025-10-22 04:00:00   NaN
2025-10-23 04:00:00   NaN
dtype: float64","date
2025-10-23 04:00:00    0.0
dtype: float64","date
2025-10-23 04:00:00   -2.91
dtype: float64","date
2025-10-23 04:00:00   -2.2
dtype: float64",173014438,279449144
CF,2024-02-22,AMC,"date
2024-02-22 05:00:00   NaN
2024-02-23 05:00:00   NaN
dtype: float64","date
2024-02-23 05:00:00    2.53
dtype: float64","date
2024-02-23 05:00:00   -0.28
dtype: float64","date
2024-02-23 05:00:00    1.4
dtype: float64",172869220,212305211
CRL,2024-02-14,BMO,"date
2024-02-13 05:00:00   NaN
2024-02-14 05:00:00   NaN
dtype: float64","date
2024-02-14 05:00:00    8.18
dtype: float64","date
2024-02-14 05:00:00   -0.82
dtype: float64","date
2024-02-14 05:00:00    8.05
dtype: float64",200624985,375507980
CRL,2025-02-19,BMO,"date
2025-02-18 05:00:00   NaN
2025-02-19 05:00:00   NaN
dtype: float64","date
2025-02-19 05:00:00    4.5
dtype: float64","date
2025-02-19 05:00:00   -2.59
dtype: float64","date
2025-02-19 05:00:00    3.59
dtype: float64",294884591,316207752
CRL,2024-05-09,BMO,"date
2024-05-08 04:00:00   NaN
2024-05-09 04:00:00   NaN
dtype: float64","date
2024-05-09 04:00:00    1.23
dtype: float64","date
2024-05-09 04:00:00   -4.24
dtype: float64","date
2024-05-09 04:00:00   -2.5
dtype: float64",143602428,237042884
CRL,2024-08-07,BMO,"date
2024-08-06 04:00:00   NaN
2024-08-07 04:00:00   NaN
dtype: float64","date
2024-08-07 04:00:00    9.34
dtype: float64","date
2024-08-07 04:00:00    0.0
dtype: float64","date
2024-08-07 04:00:00    4.23
dtype: float64",170736280,758703795
CRL,2024-11-06,BMO,"date
2024-11-05 05:00:00   NaN
2024-11-06 05:00:00   NaN
dtype: float64","date
2024-11-06 05:00:00    0.45
dtype: float64","date
2024-11-06 05:00:00   -8.93
dtype: float64","date
2024-11-06 05:00:00   -6.46
dtype: float64",188256224,523137959
CRL,2025-05-07,BMO,"date
2025-05-06 04:00:00   NaN
2025-05-07 04:00:00   NaN
dtype: float64","date
2025-05-07 04:00:00    2.65
dtype: float64","date
2025-05-07 04:00:00   -6.9
dtype: float64","date
2025-05-07 04:00:00   -2.88
dtype: float64",241146655,597245408
CRL,2025-08-06,BMO,"date
2025-08-05 04:00:00   NaN
2025-08-06 04:00:00   NaN
dtype: float64","date
2025-08-06 04:00:00    3.52
dtype: float64","date
2025-08-06 04:00:00   -4.39
dtype: float64","date
2025-08-06 04:00:00   -4.36
dtype: float64",232105297,352288477
CRL,2025-11-05,BMO,"date
2025-11-04 05:00:00   NaN
2025-11-05 05:00:00   NaN
dtype: float64","date
2025-11-05 05:00:00    4.19
dtype: float64","date
2025-11-05 05:00:00   -2.01
dtype: float64","date
2025-11-05 05:00:00    2.7
dtype: float64",208577500,461633729
CHTR,2024-02-02,BMO,"date
2024-02-01 05:00:00   NaN
2024-02-02 05:00:00   NaN
dtype: float64","date
2024-02-02 05:00:00    0.01
dtype: float64","date
2024-02-02 05:00:00   -8.25
dtype: float64","date
2024-02-02 05:00:00   -7.47
dtype: float64",898412973,1715719447
CHTR,2024-04-26,BMO,"date
2024-04-25 04:00:00   NaN
2024-04-26 04:00:00   NaN
dtype: float64","date
2024-04-26 04:00:00    7.55
dtype: float64","date
2024-04-26 04:00:00   -1.21
dtype: float64","date
2024-04-26 04:00:00    6.55
dtype: float64",562949679,621328737
CHTR,2024-07-26,BMO,"date
2024-07-25 04:00:00   NaN
2024-07-26 04:00:00   NaN
dtype: float64","date
2024-07-26 04:00:00    5.67
dtype: float64","date
2024-07-26 04:00:00   -0.77
dtype: float64","date
2024-07-26 04:00:00    2.76
dtype: float64",489973022,1775359159
CHTR,2024-11-01,BMO,"date
2024-10-31 04:00:00   NaN
2024-11-01 04:00:00   NaN
dtype: float64","date
2024-11-01 04:00:00    6.06
dtype: float64","date
2024-11-01 04:00:00   -1.06
dtype: float64","date
2024-11-01 04:00:00    1.63
dtype: float64",712675258,1601946097
CHTR,2025-04-25,BMO,"date
2025-04-24 04:00:00   NaN
2025-04-25 04:00:00   NaN
dtype: float64","date
2025-04-25 04:00:00    4.09
dtype: float64","date
2025-04-25 04:00:00   -0.85
dtype: float64","date
2025-04-25 04:00:00    3.94
dtype: float64",728237837,971483680
CHTR,2025-07-25,BMO,"date
2025-07-24 04:00:00   NaN
2025-07-25 04:00:00   NaN
dtype: float64","date
2025-07-25 04:00:00    1.98
dtype: float64","date
2025-07-25 04:00:00   -6.58
dtype: float64","date
2025-07-25 04:00:00   -5.85
dtype: float64",978118860,3170918450
CHTR,2025-10-31,BMO,"date
2025-10-30 04:00:00   NaN
2025-10-31 04:00:00   NaN
dtype: float64","date
2025-10-31 04:00:00    7.62
dtype: float64","date
2025-10-31 04:00:00   -0.95
dtype: float64","date
2025-10-31 04:00:00    7.27
dtype: float64",913795469,933935108
CVX,2024-02-26,AMC,"date
2024-02-26 05:00:00   NaN
2024-02-27 05:00:00   NaN
dtype: float64","date
2024-02-27 05:00:00    0.44
dtype: float64","date
2024-02-27 05:00:00   -2.15
dtype: float64","date
2024-02-27 05:00:00   -0.68
dtype: float64",1065828714,2312363266
CMG,2024-10-29,AMC,"date
2024-10-29 04:00:00   NaN
2024-10-30 04:00:00   NaN
dtype: float64","date
2024-10-30 04:00:00    1.12
dtype: float64","date
2024-10-30 04:00:00   -3.23
dtype: float64","date
2024-10-30 04:00:00   -2.84
dtype: float64",1449293641,1638220643
CMG,2025-04-23,AMC,"date
2025-04-23 04:00:00   NaN
2025-04-24 04:00:00   NaN
dtype: float64","date
2025-04-24 04:00:00    2.86
dtype: float64","date
2025-04-24 04:00:00   -1.63
dtype: float64","date
2025-04-24 04:00:00    0.69
dtype: float64",1085601709,1449101474
CMG,2025-07-23,AMC,"date
2025-07-23 04:00:00   NaN
2025-07-24 04:00:00   NaN
dtype: float64","date
2025-07-24 04:00:00    1.77
dtype: float64","date
2025-07-24 04:00:00   -2.32
dtype: float64","date
2025-07-24 04:00:00   -1.0
dtype: float64",1107350103,3597162954
CMG,2025-10-29,AMC,"date
2025-10-29 04:00:00   NaN
2025-10-30 04:00:00   NaN
dtype: float64","date
2025-10-30 04:00:00    9.15
dtype: float64","date
2025-10-30 04:00:00   -0.83
dtype: float64","date
2025-10-30 04:00:00    4.03
dtype: float64",1194725894,3441278321
CB,2025-04-28,AMC,"date
2025-04-28 04:00:00   NaN
2025-04-29 04:00:00   NaN
dtype: float64","date
2025-04-29 04:00:00    1.64
dtype: float64","date
2025-04-29 04:00:00    0.0
dtype: float64","date
2025-04-29 04:00:00    1.48
dtype: float64",449621661,494991993
CB,2025-10-27,AMC,"date
2025-10-27 04:00:00   NaN
2025-10-28 04:00:00   NaN
dtype: float64","date
2025-10-28 04:00:00    0.0
dtype: float64","date
2025-10-28 04:00:00   -2.03
dtype: float64","date
2025-10-28 04:00:00   -1.84
dtype: float64",408264175,611010688
